,entity,total,news,reddit,twitter
0,1inch.exchange,1.5,1.0,1.25,0.0
1,2miners,1.0,0.0,0.0,1.0
2,aave,1.7692307692307692,1.0,1.3888888888888888,1.5365853658536586
3,abcc,1.380952380952381,1.0,0.0,1.3611111111111112
4,airswap,1.0,0.0,1.0,1.0
5,altsbit,3.4583333333333335,0.0,2.6666666666666665,3.0454545454545454
6,antpool,1.4,0.0,1.2,1.1428571428571428
7,balancer,1.9315068493150684,3.0,9.0,1.4166666666666667
8,bamboo relay,1.0,1.0,0.0,1.0
9,bancor,1.9183673469387754,1.25,2.909090909090909,1.4615384615384615
10,basic attention token,1.1666666666666667,1.0,1.0,1.2083333333333333
11,bgogo,1.3333333333333333,0.0,0.0,1.3333333333333333
12,bigone,1.0588235294117647,1.0,0.0,1.0625
13,bilaxy,1.0434782608695652,0.0,0.0,1.0434782608695652
14,binance,5.005649717514125,1.4477611940298507,4.190476190476191,1.4166666666666667
15,bitbox,1.0769230769230769,1.0,1.125,0.0
16,biteye,1.1,0.0,0.0,1.1
17,bitfinex,2.9083969465648853,1.3636363636363635,2.292682926829268,1.8048780487804879
18,bitfront,1.25,0.0,1.0,1.0
19,bithumb,1.4464285714285714,1.3076923076923077,2.0,1.2653061224489797
20,bithumbsg,1.0,0.0,0.0,1.0
21,bitmart,1.2,0.0,1.5,1.173913043478261
22,bitmax,1.21875,0.0,1.25,1.1724137931034482
23,bitpanda,1.3863636363636365,1.0,1.9166666666666667,1.121212121212121
24,bitstamp,1.435897435897436,1.0,1.2619047619047619,1.2608695652173914
25,bittrex,1.6168224299065421,1.0,1.3653846153846154,1.2692307692307692
26,blockchain cuties,1.0,1.0,0.0,1.0
27,blockfi,3.8492063492063493,0.0,3.341463414634146,2.3707865168539324
28,btc.com pool,1.0,0.0,0.0,1.0
29,celsius network,1.1,0.0,1.0,1.0
30,cobinhood,3.6666666666666665,1.0,2.875,4.0
31,cobo,1.297029702970297,0.0,1.0,1.2871287128712872
32,coinbase,8.538461538461538,1.1538461538461537,7.855555555555555,1.3924050632911393
33,coincheck,2.576923076923077,1.0,2.5,2.26
34,coinex,1.2058823529411764,0.0,1.0,1.1724137931034482
35,coinhako,2.235294117647059,0.0,1.0,2.25
36,coinmine,1.2380952380952381,0.0,1.0,1.263157894736842
37,coinone,1.0,1.0,0.0,1.0
38,cointiger,1.0,0.0,1.0,1.0
39,compound,1.890625,1.0,1.8888888888888888,0.0
40,coss.io,1.1428571428571428,0.0,1.3333333333333333,1.0
41,crypto.com,2.25,1.0,2.0,1.2307692307692308
42,cryptodozer,1.0,0.0,0.0,1.0
43,cryptokitties,1.4210526315789473,1.0,1.3076923076923077,1.3432835820895523
44,cryptopia,2.3484848484848486,0.0,1.8333333333333333,2.062015503875969
45,cryptorome,1.0,0.0,0.0,1.0
46,cryptosaga,1.0,0.0,0.0,1.0
47,cryptowars,1.0,0.0,0.0,1.0
48,curve.fi,1.1428571428571428,0.0,1.0,1.0833333333333333
49,dapp,1.9230769230769231,0.0,1.7543859649122806,1.3297872340425532
50,ddex,1.0,0.0,1.0,1.0
51,decentraland,1.1612903225806452,0.0,1.25,1.1481481481481481
52,deversifi,1.1428571428571428,1.0,1.0,1.1666666666666667
53,dex,1.5196078431372548,1.0,1.2553191489361701,1.2207792207792207
54,dex.blue,1.0,0.0,1.0,0.0
55,digifinex,1.0588235294117647,0.0,1.0,1.0666666666666667
56,dragonereum,1.0,0.0,0.0,1.0
57,dragonex,1.8888888888888888,0.0,0.0,1.8888888888888888
58,dwarfpool,1.0,0.0,1.0,0.0
59,dydx,1.148936170212766,0.0,1.0476190476190477,1.103448275862069
60,ens,1.3673469387755102,1.0,1.3076923076923077,1.1395348837209303
61,etherdelta,1.1538461538461537,0.0,1.0,1.0833333333333333
62,ethereum foundation,1.5357142857142858,0.0,1.380952380952381,1.3255813953488371
63,ethermine,1.4285714285714286,0.0,1.2,1.0
64,etheroll,1.125,0.0,1.0,1.0
65,ethpool,1.0,0.0,0.0,1.0
66,exmo,1.0344827586206897,0.0,1.0,1.0357142857142858
67,f2pool,1.0,0.0,1.0,0.0
68,fcoin,3.125,1.0,3.7142857142857144,2.3548387096774195
69,firepool,1.0833333333333333,0.0,0.0,1.0833333333333333
70,foam,1.368421052631579,1.0,1.0,1.3736263736263736
71,forsage.io,1.1785714285714286,0.0,1.0,1.1923076923076923
72,freewallet,1.5454545454545454,0.0,1.5454545454545454,0.0
73,ftx,1.2333333333333334,0.0,1.5,1.1724137931034482
74,gate.io,1.35,1.0,1.0,1.3888888888888888
75,gemini,1.794392523364486,1.0,1.7758620689655173,1.2686567164179106
76,genesis mining,1.1764705882352942,0.0,1.0,1.25
77,gnosis,1.3846153846153846,0.0,1.0833333333333333,1.2553191489361701
78,gods unchained,1.0,0.0,1.0,1.0
79,gopax,1.0,0.0,0.0,1.0
80,hitbtc,1.3289473684210527,0.0,1.1785714285714286,1.3333333333333333
81,hiveon pool,1.0,0.0,0.0,1.0
82,hotbit,1.2040816326530612,1.0,1.0,1.1363636363636365
83,huobi,1.3214285714285714,1.0,1.2962962962962963,0.0
84,hydro,1.6638655462184875,1.0,1.0,1.6379310344827587
85,ico wallet,1.0,0.0,0.0,1.0
86,idex,1.1607142857142858,1.0,1.0,1.14
87,indodax,2.0714285714285716,0.0,0.0,2.0714285714285716
88,kraken,2.352,1.0,1.9263157894736842,1.5294117647058822
89,kucoin,1.4736842105263157,0.0,1.425,1.1956521739130435
90,latoken,1.0,0.0,1.0,0.0
91,lendfme,1.6666666666666667,0.0,2.0,1.3636363636363635
92,liqui,1.0606060606060606,1.0,1.0,1.0
93,liquid,2.134920634920635,1.0666666666666667,1.8,1.4216867469879517
94,localethereum,1.0,0.0,0.0,1.0
95,lordless,1.0,0.0,0.0,1.0
96,luno,1.2142857142857142,1.0,1.5,1.175
97,maker,1.8166666666666667,1.0,1.7826086956521738,1.2638888888888888
98,matic network,1.375,0.0,0.0,1.375
99,megacryptopolis,1.0,0.0,0.0,1.0
100,melon,1.0681818181818181,1.0,1.0,1.0465116279069768
101,mercatox,1.0769230769230769,0.0,1.0,1.0909090909090908
102,million.money,1.0526315789473684,0.0,0.0,1.0526315789473684
103,miningpoolhub,1.0,0.0,1.0,1.0
104,mxc,1.064516129032258,0.0,0.0,1.064516129032258
105,nanopool,1.0,0.0,1.0,0.0
106,neon district,1.0,0.0,0.0,1.0
107,nexo,1.6578947368421053,1.0,1.4210526315789473,1.25
108,oasisdex,1.0,0.0,0.0,1.0
109,okex,2.3255813953488373,0.0,2.6923076923076925,1.8055555555555556
110,openrelay,1.0,0.0,0.0,1.0
111,opensea,1.0869565217391304,0.0,1.0,1.0454545454545454
112,otc,1.5730337078651686,0.0,1.6842105263157894,1.3670886075949367
113,paribu,1.0,0.0,0.0,1.0
114,parity,2.0923076923076924,1.0,1.7096774193548387,1.8706896551724137
115,paxos,1.1333333333333333,0.0,1.1666666666666667,1.08
116,poloniex,1.9772727272727273,1.0,1.6521739130434783,1.7972972972972974
117,quadrigacx,1.9803921568627452,0.0,1.6470588235294117,1.825
118,remitano,1.0833333333333333,0.0,1.0,1.1
119,shapeshift,1.3,0.0,1.3,0.0
120,spam token,1.0,0.0,0.0,1.0
121,spark pool,1.0,0.0,0.0,1.0
122,storj,1.2291666666666667,0.0,1.1111111111111112,1.1470588235294117
123,switcheo,1.0,0.0,1.0,1.0
124,synthetix,1.463768115942029,0.0,1.9411764705882353,1.1724137931034482
125,tether,3.6375,1.0625,3.2666666666666666,1.4761904761904763
126,tokensets,1.3703703703703705,0.0,1.1428571428571428,1.380952380952381
127,trusttoken,1.0,0.0,1.0,1.0
128,uniswap,2.0594059405940595,1.0,1.5833333333333333,1.7777777777777777
129,upbit,2.903225806451613,1.0,2.933333333333333,2.4725274725274726
130,white hat group,1.0,0.0,1.0,0.0
131,zipmex,1.0,1.0,0.0,1.0
