date,entity,score
21/2/20,1inch.exchange,50.02197166
25/2/20,1inch.exchange,1.436113346
18/6/20,1inch.exchange,1.529972604
29/6/20,1inch.exchange,50.74818108
10/2/20,ABCC,0.779949329
24/2/20,ABCC,1.697377323
5/3/20,ABCC,38.37817148
11/3/20,ABCC,86.8251623
26/3/20,ABCC,0.672276942
19/6/20,ABCC,73.34940798
22/6/20,ABCC,0.662897498
23/6/20,ABCC,4.497913973
30/6/20,ABCC,0.587248138
5/3/20,Aave,0.676022073
11/3/20,Aave,0.641846341
24/4/20,Aave,0.691675062
7/5/20,Aave,0.650449774
13/5/20,Aave,1.233069562
18/5/20,Aave,0.526631245
11/6/20,Aave,0.670391551
12/6/20,Aave,0.656099434
18/6/20,Aave,0.614667652
19/6/20,Aave,0.556479937
29/6/20,Balancer,74.14615281
17/6/20,Bamboo Relay,0.572316697
9/1/20,Bancor,0.705921633
16/1/20,Bancor,0.650088578
11/6/20,Bancor,0.732433769
18/6/20,Bancor,99.17960993
22/1/20,Basic Attention Token,0.779954126
13/4/20,Basic Attention Token,0.672353046
16/4/20,Basic Attention Token,1.261845706
27/6/20,Basic Attention Token,0.545667206
24/6/20,BigONE,0.86047514
3/1/20,Binance,1.367082242
6/1/20,Binance,0.547479155
8/1/20,Binance,0.582223223
9/1/20,Binance,0.707252114
16/1/20,Binance,96.68212319
17/1/20,Binance,0.560578715
19/1/20,Binance,85.44218705
20/1/20,Binance,0.782091567
24/1/20,Binance,0.6473572
29/1/20,Binance,0.571753807
30/1/20,Binance,0.689420118
31/1/20,Binance,0.681923811
6/2/20,Binance,0.645382077
7/2/20,Binance,0.591855449
11/2/20,Binance,0.544690555
13/2/20,Binance,0.578231428
17/2/20,Binance,0.557710746
18/2/20,Binance,0.720165745
21/2/20,Binance,0.763919453
22/2/20,Binance,2.141760409
23/2/20,Binance,1.643536789
25/2/20,Binance,0.532131879
26/2/20,Binance,0.566762879
27/2/20,Binance,0.613720453
2/3/20,Binance,0.761319816
3/3/20,Binance,0.553762982
6/3/20,Binance,0.889849134
17/3/20,Binance,0.595672317
25/3/20,Binance,1.188159592
31/3/20,Binance,0.567699813
2/4/20,Binance,0.628465286
4/4/20,Binance,0.550329708
5/4/20,Binance,5.57310702
6/4/20,Binance,91.78072001
8/4/20,Binance,0.859642104
9/4/20,Binance,98.74078287
10/4/20,Binance,11.05770318
17/4/20,Binance,0.612939072
18/4/20,Binance,0.845440847
27/4/20,Binance,0.540700068
29/4/20,Binance,57.83356435
30/4/20,Binance,0.659552171
1/5/20,Binance,0.671080466
2/5/20,Binance,0.752333273
7/5/20,Binance,0.645418769
8/5/20,Binance,0.555701787
10/5/20,Binance,1.788135955
12/5/20,Binance,0.660618784
13/5/20,Binance,99.14999969
14/5/20,Binance,99.11603939
19/5/20,Binance,0.52595648
22/5/20,Binance,0.555096496
23/5/20,Binance,0.69147333
24/5/20,Binance,0.96657742
27/5/20,Binance,4.584186519
5/6/20,Binance,0.850982837
6/6/20,Binance,17.99694158
7/6/20,Binance,1.356192049
11/6/20,Binance,1.107178688
12/6/20,Binance,0.609972533
14/6/20,Binance,33.54922008
17/6/20,Binance,0.63696133
18/6/20,Binance,0.558183786
22/6/20,Binance,0.535526015
24/6/20,Binance,0.52930993
26/6/20,Binance,0.51916162
29/6/20,Binance,0.643027904
27/2/20,Bitbox,0.639096379
2/3/20,Bitbox,8.640410669
27/4/20,Bitbox,1.296705378
11/6/20,Bitbox,0.548032443
24/6/20,Bitbox,0.518023984
10/1/20,Bitfinex,15.43244601
11/1/20,Bitfinex,50.12196057
12/1/20,Bitfinex,95.58748863
16/1/20,Bitfinex,20.0414349
17/1/20,Bitfinex,0.801913704
29/1/20,Bitfinex,52.19270767
31/1/20,Bitfinex,0.76662066
12/2/20,Bitfinex,0.528287473
18/2/20,Bitfinex,8.900250437
28/2/20,Bitfinex,73.78301857
29/2/20,Bitfinex,0.821945789
2/3/20,Bitfinex,0.669424113
3/3/20,Bitfinex,95.70944967
8/3/20,Bitfinex,1.126291882
12/3/20,Bitfinex,0.697509672
16/3/20,Bitfinex,0.634333521
27/3/20,Bitfinex,0.717016792
30/3/20,Bitfinex,96.46479345
13/4/20,Bitfinex,0.783924522
15/4/20,Bitfinex,1.042962664
3/5/20,Bitfinex,0.665944412
13/5/20,Bitfinex,0.670675478
15/5/20,Bitfinex,0.566610265
21/5/20,Bitfinex,4.126715657
22/5/20,Bitfinex,76.5734151
27/5/20,Bitfinex,2.19573682
2/6/20,Bitfinex,99.24417896
4/6/20,Bitfinex,28.6011234
6/6/20,Bitfinex,3.120814808
11/6/20,Bitfinex,50.48710425
12/6/20,Bitfinex,82.22326871
13/6/20,Bitfinex,1.176739668
21/6/20,Bitfinex,1.243019617
24/6/20,Bitfinex,1.30095963
22/1/20,Bithumb,51.75341689
13/2/20,Bithumb,98.00431402
17/2/20,Bithumb,0.560447954
10/3/20,Bithumb,0.518156585
11/3/20,Bithumb,0.521936928
13/3/20,Bithumb,1.099905562
30/3/20,Bithumb,1.250185894
10/4/20,Bithumb,1.733196264
13/4/20,Bithumb,2.842046577
15/4/20,Bithumb,0.679366035
15/5/20,Bithumb,1.975947849
25/5/20,Bithumb,0.688461844
24/6/20,Bithumb,0.666778282
19/6/20,Bitpanda,0.545227336
23/6/20,Bitstamp,0.549640125
8/6/20,Bittrex,95.78842581
17/6/20,Bittrex,0.537971518
21/6/20,Bittrex,0.58543965
28/4/20,Blockchain Cuties,0.550918386
21/5/20,Blockfi,1.655155454
12/6/20,Cobinhood,2.093585299
18/1/20,Coinbase,0.731107205
28/1/20,Coinbase,0.545638871
31/1/20,Coinbase,0.538514611
19/2/20,Coinbase,0.541992803
25/2/20,Coinbase,86.5081219
26/2/20,Coinbase,0.712399666
27/2/20,Coinbase,0.648146166
28/2/20,Coinbase,0.654973745
2/3/20,Coinbase,0.513767678
3/3/20,Coinbase,27.48678262
16/3/20,Coinbase,0.707139043
18/3/20,Coinbase,0.626859548
27/3/20,Coinbase,0.603003236
6/5/20,Coinbase,2.029023408
9/5/20,Coinbase,4.999492621
21/5/20,Coinbase,0.596898248
22/5/20,Coinbase,1.164697945
23/5/20,Coinbase,0.664488225
27/5/20,Coinbase,0.543334538
6/6/20,Coinbase,0.573014328
8/6/20,Coinbase,0.63342567
12/6/20,Coinbase,0.558926364
14/6/20,Coinbase,0.609670109
17/6/20,Coinbase,0.749565459
23/6/20,Coinbase,0.551163755
27/6/20,Coinbase,0.678505855
1/7/20,Coinbase,0.637796272
15/3/20,Coincheck,99.16817477
29/6/20,Coincheck,97.04908229
13/3/20,Coinone,1.004461329
17/6/20,Coinone,0.523699432
3/1/20,Compound,3.037972609
8/4/20,Compound,0.822886813
15/6/20,Compound,0.570911111
27/6/20,Compound,0.678505855
11/5/20,Crypto.com,0.557228255
16/5/20,Crypto.com,0.670032685
29/6/20,Crypto.com,7.929352839
3/4/20,CryptoKitties,0.511427874
24/1/20,DEX,19.24537078
17/2/20,DEX,0.690913632
11/6/20,DEX,1.175165622
19/6/20,DeversiFi,0.559617583
27/5/20,ENS,0.591174417
12/6/20,FCoin,98.5978876
3/1/20,FOAM,1.01213545
15/1/20,FOAM,0.864284184
22/2/20,FOAM,37.70267313
17/6/20,Gate.io,0.656070841
28/1/20,Gemini,0.73337173
29/3/20,Gemini,0.903816933
6/4/20,Gemini,0.949793184
25/4/20,Gemini,2.007267013
8/5/20,Gemini,0.901666144
23/5/20,Gemini,4.77861521
12/6/20,Hotbit,0.543963755
16/6/20,Hotbit,0.712824257
2/3/20,Huobi,0.57068514
17/6/20,Huobi,0.513205345
21/4/20,Hydro,1.917241569
28/4/20,Hydro,1.355884693
15/5/20,Hydro,0.852279309
4/6/20,Hydro,0.925823502
17/6/20,IDEX,0.567931941
7/1/20,Kraken,42.50462562
1/2/20,Kraken,47.45310444
6/2/20,Kraken,0.926314152
5/3/20,Kraken,2.114989172
12/6/20,Kraken,98.36922601
13/6/20,Kraken,0.706487548
17/6/20,Kraken,94.09356247
18/4/20,LendfMe,1.066314733
19/4/20,LendfMe,1.282846462
29/6/20,LendfMe,97.04908263
15/1/20,Liqui,0.547445664
23/1/20,Liqui,0.712434913
10/2/20,Liqui,3.350611346
24/3/20,Liqui,0.586179441
25/3/20,Liqui,0.621336863
15/4/20,Liqui,98.14709863
13/6/20,Liqui,1.134512744
18/6/20,Liqui,0.774516097
28/6/20,Liqui,60.93924865
30/6/20,Liqui,27.89895007
15/1/20,Liquid,0.547445664
23/1/20,Liquid,0.712434913
10/2/20,Liquid,3.350611346
12/2/20,Liquid,1.115815752
24/3/20,Liquid,0.586179441
25/3/20,Liquid,0.621336863
15/4/20,Liquid,98.14709863
22/4/20,Liquid,1.053574893
8/5/20,Liquid,0.901665931
10/5/20,Liquid,0.954612848
2/6/20,Liquid,1.035335214
11/6/20,Liquid,4.740533181
13/6/20,Liquid,1.134512744
18/6/20,Liquid,0.774516097
26/6/20,Liquid,85.54337805
28/6/20,Liquid,60.93924865
30/6/20,Liquid,27.89895007
12/6/20,Luno,0.790595059
15/4/20,Maker,98.14709863
25/4/20,Maker,0.622627969
26/5/20,Maker,98.74008545
14/6/20,Maker,0.536040338
29/6/20,Matic Network,0.759488909
7/3/20,Melon,1.081824199
12/3/20,Melon,54.7283241
19/4/20,Melon,0.928485023
9/1/20,Nexo,0.552877699
2/6/20,Nexo,0.765935546
16/6/20,Nexo,0.652646491
19/6/20,Nexo,0.681846792
26/6/20,Nexo,0.526759531
13/1/20,OTC,2.051466709
21/5/20,OTC,0.874338377
12/4/20,Okex,24.52687026
20/4/20,Parity,0.870201957
21/4/20,Parity,1.009052956
14/6/20,Parity,85.32554587
19/3/20,Poloniex,0.63233857
6/4/20,Poloniex,0.533000174
8/6/20,Poloniex,95.78842533
16/3/20,QuadrigaCX,0.696078549
19/4/20,Synthetix,1.282846462
29/6/20,Synthetix,97.04908263
2/1/20,Tether,0.604331597
3/1/20,Tether,1.010089194
5/1/20,Tether,0.831300077
11/1/20,Tether,95.4290291
17/1/20,Tether,0.772083137
23/1/20,Tether,0.607490176
29/1/20,Tether,0.790559716
4/3/20,Tether,1.098420718
12/3/20,Tether,0.697509672
6/4/20,Tether,12.90864862
8/4/20,Tether,2.614441623
17/5/20,Tether,0.858831696
8/6/20,Tether,95.78842533
13/6/20,Tether,0.673832735
14/6/20,Tether,0.613088707
18/6/20,Tether,0.774515731
1/7/20,Tether,0.514316838
19/4/20,Uniswap,99.19029885
13/3/20,Upbit,1.062154369
13/5/20,Upbit,95.77026234
12/3/20,Zipmex,0.544275989
20/1/20,aave,6.317793768
2/3/20,aave,1.165346652
5/3/20,aave,1.944124318
10/3/20,aave,1.019875781
31/3/20,aave,1.831507391
3/4/20,aave,1.07392576
14/4/20,aave,1.158269983
19/4/20,aave,98.19749519
25/4/20,aave,0.89136582
6/5/20,aave,0.719068274
7/5/20,aave,0.846664296
14/5/20,aave,1.565317186
1/6/20,aave,1.045362835
2/6/20,aave,1.821726603
10/6/20,aave,0.99629107
23/6/20,aave,1.0762408
24/6/20,aave,0.969309408
30/6/20,aave,1.174376198
12/2/20,airswap,1.617425623
6/2/20,altsbit,99.03127401
7/2/20,altsbit,51.07906299
8/2/20,altsbit,97.06319827
10/2/20,altsbit,30.68804868
11/2/20,altsbit,76.78659992
23/4/20,altsbit,7.794850314
18/2/20,antpool,0.980164802
24/2/20,antpool,1.075849966
7/5/20,antpool,0.797640286
12/5/20,antpool,1.49011096
16/6/20,antpool,1.01750111
24/6/20,balancer,13.18323524
27/6/20,balancer,3.957398737
29/6/20,balancer,63.3357567
30/6/20,balancer,58.3812164
5/1/20,bancor,1.723420653
31/1/20,bancor,1.227906602
14/3/20,bancor,0.832503234
16/3/20,bancor,1.176053936
18/3/20,bancor,0.729087808
27/5/20,bancor,0.987716435
18/6/20,bancor,63.9168018
19/6/20,bancor,34.8187063
22/6/20,bancor,67.2137485
23/6/20,bancor,2.526722234
24/6/20,bancor,1.519065731
4/1/20,basic attention token,1.29757748
28/5/20,basic attention token,1.334249961
1/1/20,binance,3.657544383
3/1/20,binance,23.05904065
4/1/20,binance,2.334446112
6/1/20,binance,1.420625926
7/1/20,binance,1.729294102
8/1/20,binance,19.28248126
9/1/20,binance,17.54158824
10/1/20,binance,11.78520023
11/1/20,binance,1.602843687
12/1/20,binance,34.29158072
13/1/20,binance,50.17341758
14/1/20,binance,1.052081662
15/1/20,binance,4.675496538
16/1/20,binance,1.865141747
17/1/20,binance,1.957968206
18/1/20,binance,42.92841675
19/1/20,binance,2.015277755
20/1/20,binance,2.795696982
21/1/20,binance,1.367870987
22/1/20,binance,34.60282129
23/1/20,binance,1.408896743
24/1/20,binance,7.896763435
25/1/20,binance,2.370317798
27/1/20,binance,1.250519721
28/1/20,binance,1.448499438
30/1/20,binance,0.988797503
1/2/20,binance,1.402370976
2/2/20,binance,3.032401052
3/2/20,binance,3.850399504
4/2/20,binance,1.984074898
5/2/20,binance,7.68622989
6/2/20,binance,99.19421658
7/2/20,binance,8.224324331
8/2/20,binance,30.39613657
9/2/20,binance,1.399771414
10/2/20,binance,1.736584679
11/2/20,binance,3.233909164
12/2/20,binance,49.86902689
13/2/20,binance,4.468917189
14/2/20,binance,3.399972793
15/2/20,binance,31.03281662
16/2/20,binance,5.617031478
17/2/20,binance,2.011985991
18/2/20,binance,1.430831728
19/2/20,binance,21.34607242
20/2/20,binance,4.197851714
21/2/20,binance,12.80933318
22/2/20,binance,2.800688519
23/2/20,binance,1.253191047
24/2/20,binance,11.48595853
25/2/20,binance,91.95021077
26/2/20,binance,49.88013356
27/2/20,binance,1.198690711
28/2/20,binance,1.2761311
29/2/20,binance,1.973437946
1/3/20,binance,1.01119596
2/3/20,binance,31.75414816
3/3/20,binance,1.546980987
4/3/20,binance,12.34781542
5/3/20,binance,1.123515764
6/3/20,binance,2.003891837
7/3/20,binance,1.929150832
8/3/20,binance,13.08411757
9/3/20,binance,1.551012089
10/3/20,binance,34.6521914
11/3/20,binance,47.54103023
12/3/20,binance,18.06239609
13/3/20,binance,4.009479469
15/3/20,binance,61.77812183
16/3/20,binance,6.444307138
17/3/20,binance,1.978510005
18/3/20,binance,1.176998375
19/3/20,binance,1.761986783
20/3/20,binance,1.58387297
21/3/20,binance,1.676725398
22/3/20,binance,2.795648888
23/3/20,binance,4.00841291
24/3/20,binance,1.296140972
25/3/20,binance,5.333578026
26/3/20,binance,26.44375123
27/3/20,binance,35.40859581
28/3/20,binance,1.490919271
29/3/20,binance,95.54256326
30/3/20,binance,12.29538101
31/3/20,binance,2.231598613
2/4/20,binance,1.822683918
3/4/20,binance,1.561941439
4/4/20,binance,4.694677297
5/4/20,binance,1.268950577
6/4/20,binance,2.55594878
7/4/20,binance,46.91616928
8/4/20,binance,3.603071248
9/4/20,binance,40.22767251
10/4/20,binance,20.01129409
11/4/20,binance,1.219562419
12/4/20,binance,24.75050052
13/4/20,binance,20.79869422
14/4/20,binance,1.439983451
15/4/20,binance,3.866228191
16/4/20,binance,57.12338178
17/4/20,binance,37.9499986
18/4/20,binance,99.16805047
19/4/20,binance,24.71066198
20/4/20,binance,21.90798099
21/4/20,binance,1.7620197
22/4/20,binance,1.720776172
23/4/20,binance,50.2486466
24/4/20,binance,17.95121665
25/4/20,binance,3.588272817
26/4/20,binance,1.392109815
27/4/20,binance,1.156146966
28/4/20,binance,4.758967502
29/4/20,binance,35.61851892
30/4/20,binance,13.48402343
1/5/20,binance,24.64076056
2/5/20,binance,22.35525647
3/5/20,binance,21.63255182
4/5/20,binance,1.314040822
5/5/20,binance,12.89139285
6/5/20,binance,5.703658356
7/5/20,binance,19.92498467
8/5/20,binance,1.69698556
9/5/20,binance,1.578206425
10/5/20,binance,1.609792495
11/5/20,binance,18.51232464
12/5/20,binance,3.254248466
14/5/20,binance,4.425384458
15/5/20,binance,4.093407755
16/5/20,binance,1.36623603
17/5/20,binance,3.150504442
18/5/20,binance,1.009123284
19/5/20,binance,4.631346584
20/5/20,binance,14.80029807
21/5/20,binance,24.00498727
22/5/20,binance,4.467495921
23/5/20,binance,1.580385537
24/5/20,binance,2.142083418
25/5/20,binance,2.664833578
26/5/20,binance,1.224570322
27/5/20,binance,21.81217091
28/5/20,binance,2.944695056
29/5/20,binance,10.22667747
30/5/20,binance,3.788640568
31/5/20,binance,2.300443754
1/6/20,binance,49.8371675
2/6/20,binance,26.86202203
3/6/20,binance,0.996863062
4/6/20,binance,2.745088824
5/6/20,binance,28.73075259
6/6/20,binance,2.123588292
7/6/20,binance,1.479133312
8/6/20,binance,2.504437489
9/6/20,binance,23.45712939
10/6/20,binance,1.389174424
11/6/20,binance,13.00860507
12/6/20,binance,3.539791101
13/6/20,binance,11.74815239
14/6/20,binance,3.011247622
16/6/20,binance,1.962163344
18/6/20,binance,2.443909969
19/6/20,binance,13.11759613
20/6/20,binance,0.829314091
23/6/20,binance,3.547994101
24/6/20,binance,42.63835567
25/6/20,binance,6.558891134
28/6/20,binance,2.527259462
29/6/20,binance,1.412375961
30/6/20,binance,3.152795577
1/2/20,bitbox,4.238945443
15/3/20,bitbox,0.910492128
25/3/20,bitbox,1.685337775
6/4/20,bitbox,2.122507217
8/4/20,bitbox,1.188598856
3/5/20,bitbox,0.789837685
6/6/20,bitbox,1.35374443
19/6/20,bitbox,1.051777802
8/1/20,bitfinex,2.070606593
10/1/20,bitfinex,1.897606513
13/1/20,bitfinex,14.32656865
15/1/20,bitfinex,1.793949254
16/1/20,bitfinex,55.20656371
20/1/20,bitfinex,1.763505195
21/1/20,bitfinex,1.908858332
22/1/20,bitfinex,3.310427159
24/1/20,bitfinex,1.095932635
28/1/20,bitfinex,75.21045682
29/1/20,bitfinex,1.348033443
31/1/20,bitfinex,1.263083203
3/2/20,bitfinex,0.905890616
4/2/20,bitfinex,94.30918285
5/2/20,bitfinex,16.18732832
6/2/20,bitfinex,1.157155012
8/2/20,bitfinex,84.78694983
9/2/20,bitfinex,98.16683884
12/2/20,bitfinex,7.994510292
13/2/20,bitfinex,1.836511159
14/2/20,bitfinex,2.022635069
24/2/20,bitfinex,1.068267024
26/2/20,bitfinex,1.638254253
28/2/20,bitfinex,87.03894327
29/2/20,bitfinex,84.79409283
3/3/20,bitfinex,1.398341486
5/3/20,bitfinex,3.145023419
7/3/20,bitfinex,3.517714694
8/3/20,bitfinex,1.469704836
9/3/20,bitfinex,1.248005321
12/3/20,bitfinex,1.731852297
13/3/20,bitfinex,1.08149335
16/3/20,bitfinex,2.203586556
22/3/20,bitfinex,2.086536208
29/3/20,bitfinex,95.71409191
31/3/20,bitfinex,1.133305442
2/4/20,bitfinex,67.07854798
3/4/20,bitfinex,14.01049421
5/4/20,bitfinex,1.708309979
7/4/20,bitfinex,10.44731853
11/4/20,bitfinex,0.817955957
13/4/20,bitfinex,7.059638807
16/4/20,bitfinex,0.949035134
17/4/20,bitfinex,6.892838512
18/4/20,bitfinex,2.446184252
22/4/20,bitfinex,1.947547412
23/4/20,bitfinex,5.401375772
28/4/20,bitfinex,2.829035853
29/4/20,bitfinex,59.43330663
30/4/20,bitfinex,18.25161792
3/5/20,bitfinex,5.321793085
4/5/20,bitfinex,1.724778397
6/5/20,bitfinex,31.88347923
7/5/20,bitfinex,1.636676162
8/5/20,bitfinex,2.734238438
10/5/20,bitfinex,1.323894103
12/5/20,bitfinex,10.43388367
14/5/20,bitfinex,22.46634115
15/5/20,bitfinex,1.73476272
16/5/20,bitfinex,1.968999689
17/5/20,bitfinex,19.55304389
19/5/20,bitfinex,4.872350452
20/5/20,bitfinex,1.992247185
21/5/20,bitfinex,29.70529276
22/5/20,bitfinex,0.729607999
23/5/20,bitfinex,34.3876767
24/5/20,bitfinex,2.199578577
25/5/20,bitfinex,0.887762963
26/5/20,bitfinex,10.75093278
27/5/20,bitfinex,8.588221981
30/5/20,bitfinex,1.406426179
2/6/20,bitfinex,28.29663228
3/6/20,bitfinex,51.60802049
5/6/20,bitfinex,4.368060709
9/6/20,bitfinex,1.256665273
10/6/20,bitfinex,1.30270981
11/6/20,bitfinex,17.2135123
12/6/20,bitfinex,99.21715102
17/6/20,bitfinex,8.28636242
22/6/20,bitfinex,1.576734704
23/6/20,bitfinex,1.340761662
30/6/20,bitfinex,1.527442714
3/3/20,bitfront,99.25246498
12/3/20,bithumb,18.30771286
3/2/20,bitmart,93.32046406
19/2/20,bitmart,5.66498474
17/1/20,bitmax,0.683069459
29/3/20,bitmax,3.712575878
16/5/20,bitmax,3.392395686
21/5/20,bitmax,1.098439884
3/1/20,bitpanda,3.306543655
6/1/20,bitpanda,6.455545763
7/1/20,bitpanda,13.18673671
8/1/20,bitpanda,1.344412781
17/1/20,bitpanda,99.10254008
17/2/20,bitpanda,3.706470184
24/2/20,bitpanda,50.5224522
25/2/20,bitpanda,0.946937426
5/3/20,bitpanda,1.499315218
14/5/20,bitpanda,2.200072088
24/5/20,bitpanda,1.333435411
18/6/20,bitpanda,1.811868402
16/1/20,bitstamp,24.91585113
17/1/20,bitstamp,10.55614981
19/1/20,bitstamp,95.07079192
20/1/20,bitstamp,1.263824112
21/1/20,bitstamp,40.32542243
28/1/20,bitstamp,6.177312006
29/1/20,bitstamp,13.36330683
30/1/20,bitstamp,41.97093323
3/2/20,bitstamp,1.107074795
7/2/20,bitstamp,0.792920265
9/2/20,bitstamp,10.08187911
19/2/20,bitstamp,99.05881551
27/2/20,bitstamp,1.068412422
28/2/20,bitstamp,1.807971557
4/3/20,bitstamp,2.032481322
5/3/20,bitstamp,1.278737177
7/3/20,bitstamp,1.177431343
9/3/20,bitstamp,0.784710795
13/3/20,bitstamp,3.492313728
18/3/20,bitstamp,2.026940054
25/3/20,bitstamp,5.588454045
28/3/20,bitstamp,1.647539426
12/4/20,bitstamp,70.1610481
15/4/20,bitstamp,98.41278248
19/4/20,bitstamp,1.276762349
23/4/20,bitstamp,1.209063543
26/4/20,bitstamp,44.78508416
1/5/20,bitstamp,1.15181206
5/5/20,bitstamp,2.170425017
9/5/20,bitstamp,1.296234921
13/5/20,bitstamp,99.12104782
14/5/20,bitstamp,1.962670157
16/5/20,bitstamp,1.75827633
17/5/20,bitstamp,3.676675981
18/5/20,bitstamp,1.459926258
20/5/20,bitstamp,1.171272032
21/5/20,bitstamp,9.952353255
7/6/20,bitstamp,1.45302416
9/6/20,bitstamp,6.238084969
23/6/20,bitstamp,2.041307029
27/6/20,bitstamp,1.117519316
29/6/20,bitstamp,2.439717389
5/1/20,bittrex,3.847721638
6/1/20,bittrex,5.505490585
7/1/20,bittrex,78.92268226
10/1/20,bittrex,1.41077691
15/1/20,bittrex,4.332442444
17/1/20,bittrex,1.581694013
22/1/20,bittrex,1.508653042
29/1/20,bittrex,1.873570565
31/1/20,bittrex,1.227330333
1/2/20,bittrex,0.80396917
6/2/20,bittrex,2.192233313
8/2/20,bittrex,51.62549356
9/2/20,bittrex,95.97877705
11/2/20,bittrex,3.2091909
12/2/20,bittrex,1.100739437
13/2/20,bittrex,1.655475269
16/2/20,bittrex,12.13027297
20/2/20,bittrex,4.67802221
22/2/20,bittrex,1.227656792
23/2/20,bittrex,3.354239709
25/2/20,bittrex,1.318149223
27/2/20,bittrex,9.82054586
28/2/20,bittrex,17.85035598
4/3/20,bittrex,2.032481322
11/3/20,bittrex,2.782608742
13/3/20,bittrex,98.44359322
17/3/20,bittrex,2.034310084
18/3/20,bittrex,1.396462732
26/3/20,bittrex,2.117134381
7/4/20,bittrex,1.112761
18/4/20,bittrex,4.918156478
25/4/20,bittrex,1.088005959
29/4/20,bittrex,2.031869483
6/5/20,bittrex,1.149897466
15/5/20,bittrex,1.250596861
20/5/20,bittrex,1.476821927
21/5/20,bittrex,13.89048769
22/5/20,bittrex,89.72177468
29/5/20,bittrex,1.924251154
31/5/20,bittrex,3.575816919
1/6/20,bittrex,1.485204567
2/6/20,bittrex,10.69450302
6/6/20,bittrex,1.086389676
7/6/20,bittrex,1.431217009
9/6/20,bittrex,1.833349339
12/6/20,bittrex,1.207104556
13/6/20,bittrex,1.180548856
19/6/20,bittrex,3.422209592
21/6/20,bittrex,18.28805748
22/6/20,bittrex,1.057750531
26/6/20,bittrex,1.240825882
27/6/20,bittrex,0.880564904
3/1/20,blockfi,1.296422229
10/1/20,blockfi,1.363057355
12/1/20,blockfi,0.723629471
14/1/20,blockfi,2.346420052
15/1/20,blockfi,9.159693088
18/1/20,blockfi,1.697939338
20/1/20,blockfi,3.334813502
21/1/20,blockfi,2.249733704
24/1/20,blockfi,1.032061032
25/1/20,blockfi,2.292316365
5/2/20,blockfi,1.675556446
6/2/20,blockfi,2.319204489
12/2/20,blockfi,1.309064332
13/2/20,blockfi,1.090198295
14/2/20,blockfi,0.582716092
17/2/20,blockfi,2.406394847
1/3/20,blockfi,0.884012833
4/3/20,blockfi,1.258752103
10/3/20,blockfi,1.493825708
11/3/20,blockfi,1.292691478
12/3/20,blockfi,1.183906845
14/3/20,blockfi,1.545405656
18/3/20,blockfi,1.515885361
22/3/20,blockfi,4.11923829
23/3/20,blockfi,1.506950691
24/3/20,blockfi,2.537158267
6/4/20,blockfi,1.351501583
7/4/20,blockfi,1.133456035
8/4/20,blockfi,0.828147465
9/4/20,blockfi,1.234339226
14/4/20,blockfi,1.082480352
17/4/20,blockfi,2.362348709
19/4/20,blockfi,5.71943461
23/4/20,blockfi,0.886518154
25/4/20,blockfi,1.426390089
1/5/20,blockfi,0.851617139
2/5/20,blockfi,1.624723726
6/5/20,blockfi,1.247274092
7/5/20,blockfi,1.366914117
8/5/20,blockfi,1.363197402
9/5/20,blockfi,1.198134825
10/5/20,blockfi,2.205981616
11/5/20,blockfi,1.158048531
12/5/20,blockfi,1.480811664
14/5/20,blockfi,0.920446356
15/5/20,blockfi,1.18451589
16/5/20,blockfi,1.245733071
17/5/20,blockfi,1.282228235
18/5/20,blockfi,0.706634576
19/5/20,blockfi,28.10129029
20/5/20,blockfi,28.51011668
21/5/20,blockfi,9.761135125
22/5/20,blockfi,9.605840832
23/5/20,blockfi,1.863185352
24/5/20,blockfi,2.46020323
25/5/20,blockfi,2.721794472
26/5/20,blockfi,1.165666433
27/5/20,blockfi,26.51613862
28/5/20,blockfi,1.45292049
29/5/20,blockfi,1.867024303
30/5/20,blockfi,24.53556683
31/5/20,blockfi,1.88639406
1/6/20,blockfi,3.346373259
2/6/20,blockfi,7.661779704
3/6/20,blockfi,1.294345498
4/6/20,blockfi,1.550977568
5/6/20,blockfi,47.59017943
6/6/20,blockfi,1.29836522
7/6/20,blockfi,15.61845263
8/6/20,blockfi,0.883895438
9/6/20,blockfi,20.53596057
13/6/20,blockfi,1.293802952
17/6/20,blockfi,4.062598675
18/6/20,blockfi,1.259614722
21/6/20,blockfi,1.254011532
22/6/20,blockfi,0.873775887
23/6/20,blockfi,1.194480074
25/6/20,blockfi,78.80890982
26/6/20,blockfi,2.560076931
27/6/20,blockfi,1.52156871
28/6/20,blockfi,1.113241204
29/6/20,blockfi,12.71409339
9/1/20,celsius network,0.791647828
16/2/20,celsius network,95.02666063
24/3/20,celsius network,2.537158267
1/4/20,celsius network,11.02485666
18/4/20,celsius network,12.70423493
22/5/20,celsius network,2.383874028
25/5/20,celsius network,4.913387969
2/6/20,celsius network,63.6547951
27/6/20,celsius network,0.991172769
9/1/20,cobinhood,93.09414128
10/1/20,cobinhood,81.90544716
11/1/20,cobinhood,32.68086745
10/2/20,cobinhood,2.310452828
14/2/20,cobinhood,1.489845351
10/3/20,cobinhood,1.411331802
17/4/20,cobinhood,98.91994629
7/5/20,cobinhood,97.43509843
20/6/20,cobo,1.072072471
1/1/20,coinbase,1.090359502
2/1/20,coinbase,32.93346719
3/1/20,coinbase,1.290379642
4/1/20,coinbase,3.010221206
6/1/20,coinbase,3.125311928
7/1/20,coinbase,50.06994517
8/1/20,coinbase,2.022186176
9/1/20,coinbase,2.437559045
10/1/20,coinbase,1.449216077
11/1/20,coinbase,1.794565343
12/1/20,coinbase,2.851399243
13/1/20,coinbase,2.816773324
14/1/20,coinbase,1.531936958
15/1/20,coinbase,15.80887967
16/1/20,coinbase,3.095988394
17/1/20,coinbase,3.875575644
18/1/20,coinbase,14.4113615
19/1/20,coinbase,1.224391786
20/1/20,coinbase,2.236849701
21/1/20,coinbase,1.738293748
22/1/20,coinbase,12.37032102
23/1/20,coinbase,2.02642072
24/1/20,coinbase,14.28322922
25/1/20,coinbase,2.777538006
26/1/20,coinbase,8.399217667
27/1/20,coinbase,1.211696826
28/1/20,coinbase,1.263344212
29/1/20,coinbase,2.653690303
30/1/20,coinbase,21.11624249
31/1/20,coinbase,15.85580252
1/2/20,coinbase,1.387830455
2/2/20,coinbase,1.672257814
3/2/20,coinbase,12.7996726
4/2/20,coinbase,2.98183553
5/2/20,coinbase,13.76753649
6/2/20,coinbase,9.198107419
7/2/20,coinbase,21.5657783
8/2/20,coinbase,1.642020073
9/2/20,coinbase,16.47902853
10/2/20,coinbase,3.399425425
11/2/20,coinbase,3.032054498
12/2/20,coinbase,1.385445216
13/2/20,coinbase,1.619795013
14/2/20,coinbase,4.200320168
15/2/20,coinbase,1.411857027
16/2/20,coinbase,2.325518747
17/2/20,coinbase,9.77493858
18/2/20,coinbase,24.79452434
19/2/20,coinbase,1.077775794
20/2/20,coinbase,1.664086461
21/2/20,coinbase,3.378673427
22/2/20,coinbase,4.073592768
23/2/20,coinbase,1.331247735
24/2/20,coinbase,1.276433452
25/2/20,coinbase,5.965420325
26/2/20,coinbase,1.27727333
27/2/20,coinbase,1.429078897
28/2/20,coinbase,2.622979857
29/2/20,coinbase,3.299847136
1/3/20,coinbase,1.373110603
2/3/20,coinbase,21.69361025
3/3/20,coinbase,1.375442528
4/3/20,coinbase,8.764333336
5/3/20,coinbase,3.134476465
6/3/20,coinbase,1.204088303
7/3/20,coinbase,1.446160036
8/3/20,coinbase,3.370666322
9/3/20,coinbase,20.72091181
10/3/20,coinbase,1.409093116
11/3/20,coinbase,6.540041184
12/3/20,coinbase,8.874708874
13/3/20,coinbase,3.849217999
14/3/20,coinbase,3.51549309
15/3/20,coinbase,25.40802816
16/3/20,coinbase,26.26427836
17/3/20,coinbase,1.839111081
18/3/20,coinbase,1.482685945
19/3/20,coinbase,1.678649171
20/3/20,coinbase,1.083373133
21/3/20,coinbase,1.16963576
22/3/20,coinbase,1.33580618
23/3/20,coinbase,6.992685111
24/3/20,coinbase,1.578907314
25/3/20,coinbase,10.09402065
26/3/20,coinbase,20.85879501
27/3/20,coinbase,16.61794821
28/3/20,coinbase,10.47434218
29/3/20,coinbase,13.44194642
30/3/20,coinbase,44.33034943
31/3/20,coinbase,1.578455433
1/4/20,coinbase,1.28735757
2/4/20,coinbase,2.815955833
3/4/20,coinbase,13.03709108
4/4/20,coinbase,8.160993342
5/4/20,coinbase,34.29827755
6/4/20,coinbase,26.33508575
7/4/20,coinbase,2.324354369
8/4/20,coinbase,1.64337032
9/4/20,coinbase,7.269529451
10/4/20,coinbase,1.997188683
11/4/20,coinbase,17.71743119
12/4/20,coinbase,18.83549198
13/4/20,coinbase,6.291272808
14/4/20,coinbase,13.71737022
16/4/20,coinbase,1.321333459
17/4/20,coinbase,25.73186578
18/4/20,coinbase,2.139164724
19/4/20,coinbase,20.86864089
20/4/20,coinbase,3.286898078
21/4/20,coinbase,21.25517962
22/4/20,coinbase,1.732291072
23/4/20,coinbase,20.88120838
24/4/20,coinbase,1.265202075
25/4/20,coinbase,1.551886261
26/4/20,coinbase,1.283232678
27/4/20,coinbase,33.32257622
28/4/20,coinbase,1.136268583
29/4/20,coinbase,1.466989463
30/4/20,coinbase,5.490181276
1/5/20,coinbase,11.62001105
2/5/20,coinbase,1.586619312
3/5/20,coinbase,1.378886236
4/5/20,coinbase,1.784139222
5/5/20,coinbase,1.674374749
6/5/20,coinbase,2.032334861
7/5/20,coinbase,14.71977436
8/5/20,coinbase,2.116144402
9/5/20,coinbase,19.89075569
10/5/20,coinbase,11.54094511
11/5/20,coinbase,2.516261669
12/5/20,coinbase,14.88772916
13/5/20,coinbase,0.971913876
14/5/20,coinbase,2.046982868
15/5/20,coinbase,6.59123709
16/5/20,coinbase,3.699045505
17/5/20,coinbase,24.29474829
18/5/20,coinbase,2.067089834
19/5/20,coinbase,6.983854927
20/5/20,coinbase,4.255197606
21/5/20,coinbase,2.684289635
22/5/20,coinbase,33.28522393
23/5/20,coinbase,41.15273622
24/5/20,coinbase,15.63727767
25/5/20,coinbase,1.923668948
26/5/20,coinbase,2.554357311
27/5/20,coinbase,14.01940111
28/5/20,coinbase,3.600105455
29/5/20,coinbase,1.572126029
30/5/20,coinbase,27.35799566
31/5/20,coinbase,2.555729333
1/6/20,coinbase,0.854127943
2/6/20,coinbase,4.058152003
3/6/20,coinbase,10.07939496
4/6/20,coinbase,2.85947765
5/6/20,coinbase,8.745049033
6/6/20,coinbase,14.45918268
7/6/20,coinbase,11.51395044
8/6/20,coinbase,8.430019438
9/6/20,coinbase,1.220764545
10/6/20,coinbase,1.661739779
11/6/20,coinbase,12.97483539
12/6/20,coinbase,3.171410585
13/6/20,coinbase,14.34205482
14/6/20,coinbase,26.07562962
15/6/20,coinbase,14.35903895
16/6/20,coinbase,4.919474747
17/6/20,coinbase,3.450852429
18/6/20,coinbase,2.775701891
19/6/20,coinbase,3.678170715
20/6/20,coinbase,1.292541184
21/6/20,coinbase,3.182396356
22/6/20,coinbase,1.370900277
23/6/20,coinbase,14.10047671
24/6/20,coinbase,1.87225115
25/6/20,coinbase,2.824004847
26/6/20,coinbase,1.290351255
27/6/20,coinbase,25.70496927
28/6/20,coinbase,2.207872732
29/6/20,coinbase,19.57886228
30/6/20,coinbase,5.429182932
8/2/20,coincheck,1.096413414
12/3/20,coincheck,97.3897381
13/3/20,coincheck,97.32523007
2/4/20,coincheck,96.36085683
12/4/20,coincheck,70.16104623
30/5/20,coincheck,1.016793951
4/6/20,coincheck,73.8843406
8/6/20,coincheck,99.25945818
22/1/20,coinex,1.150098027
25/1/20,coinex,1.30361253
24/3/20,coinex,1.560000856
6/5/20,coinex,1.190099556
18/5/20,coinex,5.224100218
25/5/20,coinex,2.291299168
19/6/20,coinex,2.980579772
22/2/20,coinhako,60.63688056
28/2/20,coinhako,2.115316445
10/2/20,coinmine,8.359590044
24/2/20,coinmine,1.427862485
11/1/20,cointiger,2.915012215
7/3/20,cointiger,1.008088431
14/1/20,compound,1.255022301
15/1/20,compound,1.137136992
19/1/20,compound,1.310807327
22/1/20,compound,41.37099735
24/1/20,compound,1.26425498
25/1/20,compound,1.054993653
26/1/20,compound,0.784731028
27/1/20,compound,1.898896824
1/2/20,compound,1.653006817
4/2/20,compound,1.281207408
5/2/20,compound,1.468865067
6/2/20,compound,14.00901159
7/2/20,compound,2.462157203
8/2/20,compound,1.095025649
9/2/20,compound,1.580140638
10/2/20,compound,1.137134044
11/2/20,compound,1.30894729
13/2/20,compound,1.903213974
14/2/20,compound,1.278929691
18/2/20,compound,2.479755696
19/2/20,compound,0.947133927
22/2/20,compound,1.079339443
25/2/20,compound,1.059770304
26/2/20,compound,1.413681245
3/3/20,compound,0.910006218
5/3/20,compound,1.151947438
7/3/20,compound,1.037680066
8/3/20,compound,1.683913838
10/3/20,compound,1.30304945
13/3/20,compound,2.181646165
14/3/20,compound,0.930753263
19/3/20,compound,1.750902416
20/3/20,compound,1.287164284
21/3/20,compound,2.360674499
3/4/20,compound,1.070171356
14/4/20,compound,1.158269983
19/4/20,compound,22.22384847
20/4/20,compound,1.724119338
21/4/20,compound,1.001400552
22/4/20,compound,1.131468199
28/4/20,compound,1.32535551
3/5/20,compound,1.573883468
12/5/20,compound,0.970023945
14/5/20,compound,1.565316819
15/5/20,compound,3.13092526
20/5/20,compound,2.357550236
25/5/20,compound,1.299072724
27/5/20,compound,1.452034197
1/6/20,compound,1.045362589
2/6/20,compound,1.821726603
12/6/20,compound,5.01364278
18/6/20,compound,1.598793925
19/6/20,compound,0.63233048
21/6/20,compound,1.215156457
22/6/20,compound,12.80802886
23/6/20,compound,1.21011744
24/6/20,compound,1.085321692
25/6/20,compound,1.426405851
26/6/20,compound,2.388677843
27/6/20,compound,0.991172535
28/6/20,compound,7.360834972
29/6/20,compound,0.976381293
30/6/20,compound,1.3054279
23/1/20,coss.io,1.221176157
12/2/20,coss.io,70.46650888
6/5/20,coss.io,1.597501269
4/1/20,crypto.com,1.619678828
7/1/20,crypto.com,0.991208333
17/1/20,crypto.com,0.92380739
18/1/20,crypto.com,1.127608443
22/1/20,crypto.com,2.45395816
29/1/20,crypto.com,1.256720292
30/1/20,crypto.com,1.206059551
2/2/20,crypto.com,30.17309117
3/2/20,crypto.com,1.044754578
4/2/20,crypto.com,0.850036683
7/2/20,crypto.com,1.400119706
11/2/20,crypto.com,1.896389528
12/2/20,crypto.com,6.977876817
16/2/20,crypto.com,1.302209263
17/2/20,crypto.com,21.23373218
24/2/20,crypto.com,26.43570239
25/2/20,crypto.com,1.932565952
28/2/20,crypto.com,5.840512917
29/2/20,crypto.com,0.938450257
2/3/20,crypto.com,90.78066746
8/3/20,crypto.com,0.974771259
11/3/20,crypto.com,0.904115082
13/3/20,crypto.com,6.421962826
15/3/20,crypto.com,1.435963513
18/3/20,crypto.com,1.405739248
19/3/20,crypto.com,34.23245188
22/3/20,crypto.com,13.19651071
23/3/20,crypto.com,1.404242241
28/3/20,crypto.com,8.796202275
30/3/20,crypto.com,3.594071267
4/4/20,crypto.com,4.490166489
10/4/20,crypto.com,0.720304175
11/4/20,crypto.com,3.362994797
12/4/20,crypto.com,58.86726926
14/4/20,crypto.com,1.497485021
16/4/20,crypto.com,0.815100027
20/4/20,crypto.com,4.006642755
25/4/20,crypto.com,1.301942085
26/4/20,crypto.com,1.145649658
27/4/20,crypto.com,0.913111492
28/4/20,crypto.com,1.33800649
29/4/20,crypto.com,30.28110321
1/5/20,crypto.com,0.894901543
2/5/20,crypto.com,0.797909731
3/5/20,crypto.com,0.980146488
5/5/20,crypto.com,3.262604778
9/5/20,crypto.com,1.05433621
10/5/20,crypto.com,97.08039744
12/5/20,crypto.com,1.125929526
13/5/20,crypto.com,2.940602876
14/5/20,crypto.com,28.71030877
15/5/20,crypto.com,2.192628113
17/5/20,crypto.com,1.540427793
19/5/20,crypto.com,48.3182056
20/5/20,crypto.com,1.29450648
21/5/20,crypto.com,3.027492426
22/5/20,crypto.com,1.346890066
25/5/20,crypto.com,2.698233169
26/5/20,crypto.com,11.45059275
27/5/20,crypto.com,1.252728313
28/5/20,crypto.com,1.474904674
29/5/20,crypto.com,28.65363759
30/5/20,crypto.com,4.363192792
31/5/20,crypto.com,1.210043141
1/6/20,crypto.com,1.528149287
2/6/20,crypto.com,0.952957806
4/6/20,crypto.com,0.997785494
5/6/20,crypto.com,2.183586025
7/6/20,crypto.com,84.68789749
8/6/20,crypto.com,1.443365915
10/6/20,crypto.com,2.620197614
11/6/20,crypto.com,82.7901218
13/6/20,crypto.com,1.723231422
16/6/20,crypto.com,1.218646468
17/6/20,crypto.com,9.975450152
18/6/20,crypto.com,1.622673603
19/6/20,crypto.com,0.859520556
20/6/20,crypto.com,1.203197122
21/6/20,crypto.com,1.193493008
23/6/20,crypto.com,0.79163341
24/6/20,crypto.com,33.95380651
25/6/20,crypto.com,26.78790147
26/6/20,crypto.com,28.22495943
27/6/20,crypto.com,49.30722709
28/6/20,crypto.com,4.733705753
29/6/20,crypto.com,18.16846011
30/6/20,crypto.com,2.811113922
14/1/20,cryptokitties,1.068803861
18/1/20,cryptokitties,3.298508815
11/2/20,cryptokitties,1.050526991
24/2/20,cryptokitties,0.813930669
2/3/20,cryptokitties,2.506352077
11/3/20,cryptokitties,1.124062236
22/3/20,cryptokitties,4.491017261
2/4/20,cryptokitties,1.018093423
3/4/20,cryptokitties,0.766749991
26/4/20,cryptokitties,1.515695659
1/5/20,cryptokitties,0.918932528
16/5/20,cryptokitties,1.028952095
18/5/20,cryptokitties,1.604736158
7/1/20,cryptopia,1.765605893
8/1/20,cryptopia,1.448455959
11/1/20,cryptopia,58.96241307
18/1/20,cryptopia,0.82472195
28/1/20,cryptopia,4.431568234
8/2/20,cryptopia,2.522718888
12/2/20,cryptopia,94.61150442
13/2/20,cryptopia,4.959776677
15/2/20,cryptopia,5.626329168
25/2/20,cryptopia,53.01083277
28/2/20,cryptopia,1.499049402
29/2/20,cryptopia,1.769041394
8/4/20,cryptopia,3.04415572
9/4/20,cryptopia,2.579144528
22/4/20,cryptopia,1.255962228
6/5/20,cryptopia,1.236120555
10/5/20,cryptopia,2.306451201
12/5/20,cryptopia,99.26281404
13/5/20,cryptopia,0.848423033
18/5/20,cryptopia,1.666062536
23/5/20,cryptopia,2.870454545
2/6/20,cryptopia,98.9021795
7/6/20,cryptopia,1.659082046
27/6/20,cryptopia,1.969042488
22/6/20,curve.fi,1.003398596
23/6/20,curve.fi,1.232637869
26/6/20,curve.fi,1.181622966
6/1/20,dapp,1.394269135
7/1/20,dapp,78.69603661
8/1/20,dapp,1.352832364
9/1/20,dapp,0.962177878
10/1/20,dapp,0.81068453
11/1/20,dapp,0.795637772
12/1/20,dapp,1.021949134
15/1/20,dapp,1.028855105
16/1/20,dapp,1.063176821
23/1/20,dapp,50.19697075
26/1/20,dapp,0.989632337
27/1/20,dapp,0.864720432
29/1/20,dapp,0.864156722
1/2/20,dapp,1.250248368
4/2/20,dapp,1.137449291
6/2/20,dapp,1.056343666
7/2/20,dapp,1.540881454
13/2/20,dapp,3.477012446
20/2/20,dapp,3.213249887
24/2/20,dapp,0.813930476
25/2/20,dapp,0.84907677
26/2/20,dapp,4.921079482
28/2/20,dapp,1.448199027
29/2/20,dapp,1.277081981
2/3/20,dapp,1.727611793
9/3/20,dapp,1.163204778
13/3/20,dapp,2.211150776
18/3/20,dapp,1.311482331
24/3/20,dapp,99.09853558
25/3/20,dapp,1.484760763
27/3/20,dapp,1.140242033
28/3/20,dapp,1.207529408
29/3/20,dapp,2.639581996
30/3/20,dapp,1.312820085
2/4/20,dapp,1.048562744
6/4/20,dapp,4.825197784
9/4/20,dapp,0.942184405
11/4/20,dapp,1.420732487
17/4/20,dapp,0.989708009
19/4/20,dapp,1.078262689
20/4/20,dapp,1.33999018
26/4/20,dapp,3.108894389
4/5/20,dapp,2.55334567
8/5/20,dapp,1.471901929
18/5/20,dapp,1.05650295
20/5/20,dapp,1.061037073
23/5/20,dapp,1.704779012
27/5/20,dapp,0.879066108
28/5/20,dapp,1.345527452
29/5/20,dapp,1.246330901
8/6/20,dapp,1.829049432
12/6/20,dapp,1.167511198
14/6/20,dapp,1.067179518
19/6/20,dapp,0.900446519
21/6/20,dapp,0.999424661
26/6/20,dapp,8.014569488
29/6/20,dapp,1.268720068
25/2/20,ddex,0.87092188
19/1/20,decentraland,1.052408477
14/2/20,decentraland,0.895909673
18/2/20,decentraland,0.871957843
17/3/20,decentraland,1.255948331
24/6/20,deversifi,0.864774186
8/1/20,dex,1.290949471
9/1/20,dex,1.321306336
11/1/20,dex,1.135635923
17/1/20,dex,1.006270902
18/1/20,dex,1.123535056
19/1/20,dex,1.002863979
20/1/20,dex,1.341170087
21/1/20,dex,1.271671114
23/1/20,dex,1.720652675
26/1/20,dex,1.218804907
27/1/20,dex,1.89433494
29/1/20,dex,1.543597255
31/1/20,dex,1.310213743
10/2/20,dex,10.5417845
19/2/20,dex,1.167694641
20/2/20,dex,5.394170759
28/2/20,dex,1.140181863
29/2/20,dex,1.505063948
1/3/20,dex,0.921379388
9/3/20,dex,1.411007398
13/3/20,dex,0.751396751
18/3/20,dex,0.972657197
19/3/20,dex,29.86909573
24/3/20,dex,1.48721104
30/3/20,dex,69.94964297
6/4/20,dex,1.136788068
8/4/20,dex,62.52585088
9/4/20,dex,99.1357487
10/4/20,dex,1.54113825
14/4/20,dex,1.729476177
21/4/20,dex,1.271346975
26/4/20,dex,1.381307648
28/4/20,dex,1.861228595
29/4/20,dex,5.371817304
30/4/20,dex,1.361500046
8/5/20,dex,1.471575564
14/5/20,dex,7.277231326
20/5/20,dex,3.293218797
21/5/20,dex,0.695192141
22/5/20,dex,1.379034732
23/5/20,dex,1.346772429
27/5/20,dex,0.941344993
30/5/20,dex,1.094866648
3/6/20,dex,1.349744755
13/6/20,dex,1.419202626
27/6/20,dex,1.270438745
29/6/20,dex,1.095220897
25/2/20,dex.blue,1.436113346
24/1/20,digifinex,15.6447523
18/6/20,digifinex,2.192642575
12/2/20,dwarfpool,3.291711905
19/2/20,dwarfpool,0.966131119
28/2/20,dwarfpool,3.027973017
2/2/20,dydx,1.021074329
5/2/20,dydx,1.111867525
6/2/20,dydx,1.087727863
7/2/20,dydx,1.503305211
9/2/20,dydx,1.174278802
10/2/20,dydx,1.003848196
14/2/20,dydx,0.938619469
15/2/20,dydx,1.675704535
18/2/20,dydx,3.706982357
26/2/20,dydx,1.441801488
29/2/20,dydx,1.243523998
2/3/20,dydx,1.165346652
9/3/20,dydx,1.422065096
10/3/20,dydx,1.582664467
17/3/20,dydx,0.883285733
19/3/20,dydx,19.0920741
3/4/20,dydx,1.07392576
21/4/20,dydx,1.048429417
4/5/20,dydx,22.13937765
14/5/20,dydx,1.565317186
28/5/20,dydx,1.978710575
8/1/20,ens,5.168589618
14/1/20,ens,0.91362331
21/1/20,ens,0.868734928
23/1/20,ens,1.102191776
29/1/20,ens,1.482187116
20/2/20,ens,1.31885278
23/2/20,ens,0.877804667
25/2/20,ens,2.019812986
26/2/20,ens,1.083393394
2/6/20,ens,0.992179353
13/6/20,ens,0.998383413
14/6/20,ens,0.993596604
26/6/20,ens,1.158562144
16/1/20,etherdelta,1.77527178
21/2/20,etherdelta,1.12568112
2/1/20,ethereum foundation,38.74676143
6/1/20,ethereum foundation,4.799047615
14/1/20,ethereum foundation,1.30088922
21/1/20,ethereum foundation,82.81341004
24/1/20,ethereum foundation,32.76383694
28/1/20,ethereum foundation,0.737444559
1/2/20,ethereum foundation,0.899871174
3/2/20,ethereum foundation,4.197917721
7/2/20,ethereum foundation,1.137634298
10/2/20,ethereum foundation,50.98402958
16/2/20,ethereum foundation,59.25155671
18/2/20,ethereum foundation,1.307303322
22/2/20,ethereum foundation,1.138166694
24/2/20,ethereum foundation,1.215735064
4/3/20,ethereum foundation,1.119042612
14/3/20,ethereum foundation,1.150398492
17/4/20,ethereum foundation,0.958681084
19/4/20,ethereum foundation,3.092341755
8/5/20,ethereum foundation,0.825090206
23/5/20,ethereum foundation,0.928912122
13/6/20,ethereum foundation,1.613615307
7/1/20,ethermine,0.999308082
29/1/20,ethermine,2.152630515
24/3/20,ethermine,93.35412664
9/6/20,ethermine,1.664871617
25/6/20,ethermine,1.429552606
20/2/20,etheroll,1.438442122
22/2/20,etheroll,1.145155636
12/3/20,etheroll,2.206381554
27/3/20,etheroll,1.130982889
20/4/20,etheroll,2.113506696
26/4/20,etheroll,91.53164099
8/5/20,etheroll,1.473942981
6/5/20,exmo,2.501825019
8/1/20,f2pool,1.002634876
12/5/20,f2pool,1.49011061
20/5/20,f2pool,1.079303806
6/6/20,f2pool,0.937923859
17/2/20,fcoin,9.866749882
18/2/20,fcoin,75.12706538
19/2/20,fcoin,99.18550807
20/2/20,fcoin,2.67527184
21/2/20,fcoin,99.20010912
23/2/20,fcoin,98.1943559
25/2/20,fcoin,51.1529297
3/5/20,foam,1.111046795
16/6/20,foam,1.961910147
26/3/20,forsage.io,22.93780002
6/6/20,forsage.io,0.98421627
20/1/20,freewallet,1.13258331
24/1/20,freewallet,99.0562353
4/2/20,freewallet,1.587053289
5/2/20,freewallet,2.461093054
9/2/20,freewallet,34.63836149
18/2/20,freewallet,96.9995038
12/3/20,freewallet,2.463128469
13/3/20,freewallet,14.53605693
31/3/20,freewallet,4.796387981
19/4/20,freewallet,95.20471102
12/6/20,freewallet,2.402118786
14/3/20,ftx,2.120300768
16/3/20,ftx,2.105762586
31/3/20,ftx,1.247242377
11/5/20,ftx,14.31612253
22/1/20,gate.io,1.163083082
2/1/20,gemini,1.387650307
3/1/20,gemini,1.296421924
4/1/20,gemini,2.202696831
10/1/20,gemini,1.363057355
21/1/20,gemini,1.601775737
24/1/20,gemini,2.017588195
26/1/20,gemini,15.69507081
31/1/20,gemini,1.867731899
7/2/20,gemini,0.792920265
11/2/20,gemini,1.085200008
13/2/20,gemini,1.074274096
17/2/20,gemini,3.363004713
21/2/20,gemini,1.289539931
22/2/20,gemini,1.083350956
11/3/20,gemini,1.292691174
13/3/20,gemini,7.959518713
15/3/20,gemini,1.45452611
21/3/20,gemini,1.293184403
24/3/20,gemini,1.021221083
6/4/20,gemini,43.24867345
9/4/20,gemini,5.887280102
13/4/20,gemini,1.368348826
14/4/20,gemini,1.082480352
16/4/20,gemini,1.252559917
17/4/20,gemini,2.362348709
22/4/20,gemini,1.488167741
24/4/20,gemini,1.052807775
28/4/20,gemini,1.47521178
3/5/20,gemini,3.261015899
6/5/20,gemini,3.838565636
7/5/20,gemini,2.33251059
10/5/20,gemini,1.732346039
11/5/20,gemini,21.47410513
13/5/20,gemini,4.677960934
16/5/20,gemini,1.228598757
18/5/20,gemini,1.140050427
19/5/20,gemini,1.13885099
20/5/20,gemini,1.498343772
22/5/20,gemini,1.398850983
23/5/20,gemini,1.354927975
24/5/20,gemini,1.317096131
28/5/20,gemini,1.059002417
29/5/20,gemini,1.209062441
2/6/20,gemini,2.353980818
3/6/20,gemini,0.975513043
4/6/20,gemini,1.409683783
5/6/20,gemini,4.717727771
6/6/20,gemini,1.118876157
7/6/20,gemini,1.486308704
12/6/20,gemini,1.413670401
13/6/20,gemini,1.174411827
17/6/20,gemini,1.527138644
19/6/20,gemini,1.259464297
22/6/20,gemini,22.07581113
23/6/20,gemini,1.184593
25/6/20,gemini,1.393162966
26/6/20,gemini,26.83721196
27/6/20,gemini,22.00929587
26/1/20,genesis mining,53.89537169
15/3/20,genesis mining,0.985858219
19/3/20,genesis mining,1.501352804
5/4/20,genesis mining,3.860680752
17/6/20,genesis mining,1.549106165
19/1/20,gnosis,0.982641284
5/2/20,gnosis,0.807031061
12/2/20,gnosis,1.356428651
20/2/20,gnosis,1.045359383
23/2/20,gnosis,1.19248895
24/2/20,gnosis,1.105797284
26/2/20,gnosis,1.085180814
3/3/20,gnosis,0.901518735
12/3/20,gnosis,0.809757641
14/3/20,gnosis,1.109392745
19/3/20,gnosis,1.085353062
29/4/20,gnosis,1.117080042
30/1/20,gods unchained,92.3368259
26/2/20,gods unchained,1.121050704
23/4/20,gods unchained,3.43467547
1/1/20,hitbtc,2.640960339
5/1/20,hitbtc,3.511306333
13/1/20,hitbtc,1.336460123
20/1/20,hitbtc,2.597569487
29/1/20,hitbtc,8.126750582
4/2/20,hitbtc,98.75518017
7/2/20,hitbtc,5.329735671
8/2/20,hitbtc,2.779915667
10/2/20,hitbtc,1.580994565
12/2/20,hitbtc,79.87670997
22/2/20,hitbtc,30.67386316
23/2/20,hitbtc,5.588454045
1/3/20,hitbtc,0.898940396
15/3/20,hitbtc,2.003076831
30/3/20,hitbtc,1.078406381
4/4/20,hitbtc,1.512454047
5/4/20,hitbtc,6.765583833
1/5/20,hitbtc,50.63457713
11/5/20,hitbtc,99.23679757
20/5/20,hitbtc,1.809437045
23/5/20,hitbtc,2.664070489
24/5/20,hitbtc,42.78551514
25/5/20,hitbtc,4.770862219
21/6/20,hitbtc,1.501971349
26/6/20,hitbtc,5.481726012
27/6/20,hitbtc,1.442719913
29/6/20,hitbtc,3.075279661
30/6/20,hitbtc,3.506408492
31/1/20,hotbit,1.190955814
16/2/20,hotbit,0.793400157
29/3/20,hotbit,3.712575878
2/5/20,hotbit,1.624723726
21/5/20,hotbit,1.144593841
27/5/20,hotbit,1.125074664
29/5/20,hotbit,1.550676671
5/1/20,huobi,98.36340655
10/1/20,huobi,1.41077691
13/1/20,huobi,1.615363052
15/1/20,huobi,16.93326686
16/1/20,huobi,0.881741623
22/1/20,huobi,98.30065554
7/2/20,huobi,93.7246082
14/2/20,huobi,1.211491542
15/2/20,huobi,1.094072231
18/2/20,huobi,31.07767052
2/3/20,huobi,1.000738011
3/3/20,huobi,1.485275034
4/3/20,huobi,1.213654347
6/3/20,huobi,0.922584643
9/3/20,huobi,1.453816888
15/3/20,huobi,61.77812078
17/3/20,huobi,2.400912582
24/3/20,huobi,1.512817401
26/3/20,huobi,2.321811353
14/4/20,huobi,45.49857003
15/4/20,huobi,2.172796949
25/4/20,huobi,2.728652563
8/5/20,huobi,83.25931194
21/5/20,huobi,50.46360214
12/6/20,huobi,4.176205785
23/6/20,huobi,3.002725757
25/6/20,huobi,22.32893065
4/1/20,hydro,2.330294237
8/2/20,hydro,1.128125603
10/3/20,hydro,1.087396753
13/5/20,hydro,1.070163531
18/5/20,hydro,1.03154197
4/6/20,hydro,1.062933855
8/1/20,idex,1.290949471
11/1/20,idex,0.951910419
14/1/20,idex,0.699165491
10/2/20,idex,96.89701469
15/2/20,idex,1.590793686
5/4/20,idex,1.708347611
30/6/20,idex,1.146278153
10/1/20,kraken,1.331539559
13/1/20,kraken,1.135604872
15/1/20,kraken,1.495137249
17/1/20,kraken,1.061439043
20/1/20,kraken,1.336575978
22/1/20,kraken,4.139489271
23/1/20,kraken,2.683632267
24/1/20,kraken,2.499628249
26/1/20,kraken,21.85987817
29/1/20,kraken,0.874971323
30/1/20,kraken,96.22683021
31/1/20,kraken,10.61512734
1/2/20,kraken,39.14034891
2/2/20,kraken,26.45335937
4/2/20,kraken,1.176919897
5/2/20,kraken,33.82994161
6/2/20,kraken,1.864882243
7/2/20,kraken,39.02582363
8/2/20,kraken,8.168795823
9/2/20,kraken,1.315165305
11/2/20,kraken,50.29103413
12/2/20,kraken,1.534660302
13/2/20,kraken,3.039172203
14/2/20,kraken,1.229350643
15/2/20,kraken,3.043499344
17/2/20,kraken,0.983985345
18/2/20,kraken,5.732558567
20/2/20,kraken,1.04467435
21/2/20,kraken,3.221574974
22/2/20,kraken,1.129232866
28/2/20,kraken,4.994540482
5/3/20,kraken,1.218500678
6/3/20,kraken,1.359038721
7/3/20,kraken,1.525172593
8/3/20,kraken,2.158204217
9/3/20,kraken,1.278230618
10/3/20,kraken,1.21711685
12/3/20,kraken,37.28168903
15/3/20,kraken,0.660507548
18/3/20,kraken,1.748723862
19/3/20,kraken,99.03820555
20/3/20,kraken,88.17551321
23/3/20,kraken,1.183955658
24/3/20,kraken,1.816481552
31/3/20,kraken,1.393874064
1/4/20,kraken,1.277163001
4/4/20,kraken,50.08772914
8/4/20,kraken,32.40296956
11/4/20,kraken,1.37014903
16/4/20,kraken,6.193817301
19/4/20,kraken,95.51131739
23/4/20,kraken,0.92589939
25/4/20,kraken,99.22778025
28/4/20,kraken,99.20085057
30/4/20,kraken,1.25471919
4/5/20,kraken,0.844554708
7/5/20,kraken,1.134924377
10/5/20,kraken,1.642262641
11/5/20,kraken,2.634153316
12/5/20,kraken,1.249620696
14/5/20,kraken,99.09266572
15/5/20,kraken,1.049690633
16/5/20,kraken,1.215226486
20/5/20,kraken,1.338425507
21/5/20,kraken,1.670182923
22/5/20,kraken,1.445035816
23/5/20,kraken,1.334596423
24/5/20,kraken,0.931741979
27/5/20,kraken,0.886079802
28/5/20,kraken,0.817942031
29/5/20,kraken,1.515982891
31/5/20,kraken,1.658565541
1/6/20,kraken,1.485204567
2/6/20,kraken,23.16986667
3/6/20,kraken,0.975513043
4/6/20,kraken,0.988526543
5/6/20,kraken,17.75369591
6/6/20,kraken,1.104871656
7/6/20,kraken,19.32606595
8/6/20,kraken,0.861775355
10/6/20,kraken,1.266377301
11/6/20,kraken,1.06064852
12/6/20,kraken,1.620236246
13/6/20,kraken,2.152659893
15/6/20,kraken,39.35153131
17/6/20,kraken,1.416642134
18/6/20,kraken,0.889745057
20/6/20,kraken,1.679346759
22/6/20,kraken,1.387304725
25/6/20,kraken,1.291898577
26/6/20,kraken,49.1132222
27/6/20,kraken,1.117519316
28/6/20,kraken,3.308952909
29/6/20,kraken,1.157891247
10/1/20,kucoin,1.41077691
14/1/20,kucoin,1.010565612
15/1/20,kucoin,1.96057544
25/1/20,kucoin,1.139157579
7/2/20,kucoin,1.287675433
11/2/20,kucoin,1.584854036
17/2/20,kucoin,1.416366807
20/2/20,kucoin,2.045885475
21/2/20,kucoin,1.254430622
24/2/20,kucoin,49.70194672
7/3/20,kucoin,1.008088431
12/3/20,kucoin,4.700209232
15/3/20,kucoin,99.04715421
17/3/20,kucoin,17.85035598
18/3/20,kucoin,4.837304917
19/3/20,kucoin,1.168194246
4/4/20,kucoin,12.54212941
7/4/20,kucoin,1.112761
17/4/20,kucoin,1.330339888
26/4/20,kucoin,5.868495399
27/4/20,kucoin,4.971290566
30/4/20,kucoin,2.74727737
7/5/20,kucoin,0.885758661
10/5/20,kucoin,90.34500869
20/5/20,kucoin,25.81901097
22/5/20,kucoin,0.923186984
27/5/20,kucoin,1.293294881
28/5/20,kucoin,1.084759395
1/6/20,kucoin,0.628333378
2/6/20,kucoin,0.779997526
4/6/20,kucoin,1.370749728
6/6/20,kucoin,1.302623312
7/6/20,kucoin,0.662029856
12/6/20,kucoin,1.480416663
14/6/20,kucoin,1.635672184
18/6/20,kucoin,0.998809099
23/6/20,kucoin,1.283272858
25/6/20,kucoin,1.236667962
27/6/20,kucoin,3.072040723
30/6/20,kucoin,1.430180092
18/3/20,latoken,0.826755825
14/4/20,latoken,33.06856827
29/5/20,latoken,85.63772854
19/4/20,lendfme,54.69901322
20/4/20,lendfme,99.25838979
22/4/20,lendfme,2.19085781
14/5/20,lendfme,1.393147954
27/5/20,lendfme,1.48404651
28/1/20,liqui,45.69190049
29/3/20,liqui,2.84150646
2/1/20,liquid,8.566790495
4/1/20,liquid,1.628681936
5/1/20,liquid,8.220096578
9/1/20,liquid,1.30204319
16/1/20,liquid,1.347593112
17/1/20,liquid,1.064055811
18/1/20,liquid,1.620462002
19/1/20,liquid,1.016330698
20/1/20,liquid,85.81712534
23/1/20,liquid,0.662730943
26/1/20,liquid,1.108188621
27/1/20,liquid,1.521959981
29/1/20,liquid,1.543597255
3/2/20,liquid,0.963423698
8/2/20,liquid,1.243603054
9/2/20,liquid,1.122112826
13/2/20,liquid,0.650180206
14/2/20,liquid,0.833139636
20/2/20,liquid,1.248688289
23/2/20,liquid,1.178926444
1/3/20,liquid,1.647374473
2/3/20,liquid,1.201773238
4/3/20,liquid,10.7107968
5/3/20,liquid,0.852395966
6/3/20,liquid,1.000937734
7/3/20,liquid,1.146308411
10/3/20,liquid,1.020818705
12/3/20,liquid,1.3166825
13/3/20,liquid,0.824332682
26/3/20,liquid,0.988116798
28/3/20,liquid,1.478407992
29/3/20,liquid,1.111648658
8/4/20,liquid,3.335083722
9/4/20,liquid,1.063254576
10/4/20,liquid,1.087644499
11/4/20,liquid,0.868362144
13/4/20,liquid,23.16238758
14/4/20,liquid,1.155087087
17/4/20,liquid,3.167257301
18/4/20,liquid,1.203163113
19/4/20,liquid,0.95729556
22/4/20,liquid,1.02585948
25/4/20,liquid,1.123966051
26/4/20,liquid,0.990191739
28/4/20,liquid,2.438322055
29/4/20,liquid,1.309313235
30/4/20,liquid,1.361500046
1/5/20,liquid,1.278934748
5/5/20,liquid,3.080858939
6/5/20,liquid,1.139071529
13/5/20,liquid,1.109733998
15/5/20,liquid,1.061379454
16/5/20,liquid,4.371407283
17/5/20,liquid,1.095415901
18/5/20,liquid,1.208427459
20/5/20,liquid,18.04315184
22/5/20,liquid,2.417983548
23/5/20,liquid,1.036620711
24/5/20,liquid,1.181178223
25/5/20,liquid,1.085978293
27/5/20,liquid,1.191537406
28/5/20,liquid,1.322508978
29/5/20,liquid,1.315304035
2/6/20,liquid,1.544069938
3/6/20,liquid,2.335451068
4/6/20,liquid,0.820461459
6/6/20,liquid,1.229605426
17/6/20,liquid,1.374992629
19/6/20,liquid,1.257167006
23/6/20,liquid,1.006363754
24/6/20,liquid,1.061677933
26/6/20,liquid,44.29601544
28/6/20,liquid,50.07671286
29/6/20,liquid,40.17407428
30/6/20,liquid,21.9943656
6/1/20,luno,1.323937563
3/3/20,luno,50.68228441
7/1/20,maker,1.99641076
10/1/20,maker,0.999569935
11/1/20,maker,1.621639554
13/1/20,maker,1.582301685
20/1/20,maker,1.041102292
23/1/20,maker,1.67642552
24/1/20,maker,1.164799148
25/1/20,maker,1.054993653
26/1/20,maker,1.167824682
28/1/20,maker,1.319101347
29/1/20,maker,2.363914569
30/1/20,maker,1.024681702
4/2/20,maker,1.281206805
5/2/20,maker,1.117726414
6/2/20,maker,1.724384743
8/2/20,maker,0.988072774
9/2/20,maker,1.4291288
10/2/20,maker,4.922213499
11/2/20,maker,1.050526991
13/2/20,maker,0.96848654
14/2/20,maker,3.362994797
15/2/20,maker,1.032753842
18/2/20,maker,5.997008877
19/2/20,maker,1.29184976
22/2/20,maker,0.955213181
25/2/20,maker,1.206034836
27/2/20,maker,1.048926964
29/2/20,maker,1.508986795
9/3/20,maker,1.052641134
10/3/20,maker,1.365577559
12/3/20,maker,18.73935667
13/3/20,maker,2.445777188
14/3/20,maker,1.668005314
15/3/20,maker,1.244087938
16/3/20,maker,1.118612103
17/3/20,maker,0.973902657
21/3/20,maker,1.306778334
27/3/20,maker,4.1793483
29/3/20,maker,1.30163453
12/4/20,maker,32.4536399
13/4/20,maker,0.840188259
16/4/20,maker,1.121904395
17/4/20,maker,1.059659563
21/4/20,maker,1.001400552
22/4/20,maker,1.118113837
26/4/20,maker,1.514483965
28/4/20,maker,1.38691197
1/5/20,maker,1.219819164
3/5/20,maker,1.573883468
4/5/20,maker,0.881867943
5/5/20,maker,0.72775245
8/5/20,maker,0.831873805
10/5/20,maker,0.896074593
12/5/20,maker,2.953884181
18/5/20,maker,1.297600992
20/5/20,maker,1.263201981
24/5/20,maker,3.996042581
29/5/20,maker,0.908809424
30/5/20,maker,1.502996343
31/5/20,maker,1.286837762
5/6/20,maker,1.054997884
10/6/20,maker,0.996291305
15/6/20,maker,0.992321374
20/6/20,maker,1.038939273
21/6/20,maker,4.015921268
22/6/20,maker,1.131517275
28/6/20,maker,0.999330019
29/6/20,maker,1.0345019
30/6/20,maker,1.533054522
5/3/20,melon,0.679668493
16/1/20,mercatox,1.77527178
2/3/20,mercatox,2.09672652
2/6/20,miningpoolhub,1.097610321
9/1/20,nanopool,1.313702572
9/3/20,nanopool,2.038995355
1/1/20,nexo,0.985482897
9/1/20,nexo,1.220582206
11/1/20,nexo,1.822752609
12/1/20,nexo,0.964790478
19/1/20,nexo,0.769326065
20/1/20,nexo,0.825081036
5/2/20,nexo,0.868598809
12/2/20,nexo,19.93012064
15/2/20,nexo,1.094072231
16/2/20,nexo,1.143244165
24/2/20,nexo,25.94304067
25/2/20,nexo,0.925053625
29/2/20,nexo,0.639019776
4/3/20,nexo,0.750346855
10/3/20,nexo,1.020818464
12/3/20,nexo,1.354873076
13/3/20,nexo,1.387363888
14/3/20,nexo,6.286365866
23/3/20,nexo,1.242847422
25/3/20,nexo,1.410942393
30/3/20,nexo,2.51564209
3/4/20,nexo,1.450735599
6/4/20,nexo,0.99312811
7/4/20,nexo,1.091299044
8/4/20,nexo,0.828147465
10/4/20,nexo,1.17357544
15/4/20,nexo,1.327928462
18/4/20,nexo,10.7014746
19/4/20,nexo,2.508939467
20/4/20,nexo,0.902298014
21/4/20,nexo,5.11857531
22/4/20,nexo,1.401882987
24/4/20,nexo,4.093101074
25/4/20,nexo,2.440521224
26/4/20,nexo,1.274277571
29/4/20,nexo,1.014950094
3/5/20,nexo,1.093249023
4/5/20,nexo,1.231635999
7/5/20,nexo,2.411198618
9/5/20,nexo,1.19449358
16/5/20,nexo,1.262867674
17/5/20,nexo,1.041485322
21/5/20,nexo,0.918497589
25/5/20,nexo,1.025709888
27/5/20,nexo,47.96106169
28/5/20,nexo,1.093901453
29/5/20,nexo,0.960450243
3/6/20,nexo,1.910954178
4/6/20,nexo,1.410821309
11/6/20,nexo,0.975662987
15/6/20,nexo,1.056881557
17/6/20,nexo,1.45547121
19/6/20,nexo,3.183380744
20/6/20,nexo,0.947653757
23/6/20,nexo,1.160638259
26/6/20,nexo,0.976529241
30/6/20,nexo,0.995091959
15/1/20,okex,1.793949043
22/1/20,okex,99.10348343
12/2/20,okex,0.682584721
28/2/20,okex,97.14268174
29/2/20,okex,56.90026692
5/3/20,okex,51.00246947
6/3/20,okex,46.47664914
24/3/20,okex,1.5631296
2/4/20,okex,1.223093982
15/5/20,okex,0.689639791
3/6/20,okex,2.926765385
19/6/20,okex,5.215359372
20/6/20,okex,23.28756822
10/1/20,opensea,1.098150347
13/6/20,opensea,1.455159152
13/1/20,otc,0.779272306
15/2/20,otc,1.842493006
17/2/20,otc,45.3568832
3/3/20,otc,1.298789982
9/3/20,otc,1.163204778
4/4/20,otc,1.757699031
9/4/20,otc,1.331528036
18/4/20,otc,0.923931346
21/4/20,otc,1.048429911
25/4/20,otc,3.24597752
2/5/20,otc,0.816523182
10/5/20,otc,99.01476661
11/5/20,otc,5.91605331
12/5/20,otc,0.923030857
13/5/20,otc,96.32921942
21/5/20,otc,1.018833934
23/5/20,otc,1.178589008
10/6/20,otc,13.16657554
11/6/20,otc,0.88837657
1/1/20,parity,20.47065167
3/1/20,parity,34.36218147
7/1/20,parity,1.224425072
8/1/20,parity,1.070382145
14/1/20,parity,1.617936357
19/1/20,parity,0.918617385
23/1/20,parity,1.337404
30/1/20,parity,1.215806363
12/2/20,parity,0.989712681
15/2/20,parity,1.2103641
17/2/20,parity,1.073457014
19/2/20,parity,1.169153006
24/2/20,parity,1.181651084
25/2/20,parity,0.791053533
26/2/20,parity,3.187370626
27/2/20,parity,1.123232342
5/3/20,parity,1.294772761
10/3/20,parity,1.397369748
14/3/20,parity,1.191403678
31/3/20,parity,1.169600484
7/4/20,parity,0.793599852
16/4/20,parity,1.036547539
22/4/20,parity,1.081746895
30/4/20,parity,1.20191679
9/5/20,parity,0.912562445
15/5/20,parity,1.541654497
18/5/20,parity,1.544471104
20/5/20,parity,47.20634681
9/6/20,parity,0.972083698
23/6/20,parity,1.234071712
24/6/20,parity,12.47686711
30/1/20,paxos,1.137555554
27/2/20,paxos,0.982242594
22/4/20,paxos,1.858076076
8/5/20,paxos,14.40585324
16/5/20,paxos,1.358174749
19/6/20,paxos,1.210934394
1/1/20,poloniex,63.1394447
2/1/20,poloniex,2.858744723
3/1/20,poloniex,6.167255112
13/1/20,poloniex,1.931076801
15/1/20,poloniex,1.793949254
29/1/20,poloniex,19.41575354
6/2/20,poloniex,1.463212329
1/3/20,poloniex,0.860452361
2/3/20,poloniex,99.01668741
3/3/20,poloniex,1.987878148
4/3/20,poloniex,58.20075105
5/3/20,poloniex,1.563741263
24/4/20,poloniex,6.927792032
26/4/20,poloniex,98.81581001
27/4/20,poloniex,51.31701927
6/5/20,poloniex,1.149897466
10/5/20,poloniex,0.992742076
21/5/20,poloniex,2.323904281
6/6/20,poloniex,2.334041925
13/6/20,poloniex,1.774146711
16/6/20,poloniex,1.040520073
19/6/20,poloniex,3.37505502
24/6/20,poloniex,1.347568707
6/1/20,quadrigacx,1.147373363
17/1/20,quadrigacx,1.986083983
19/1/20,quadrigacx,1.901550351
22/1/20,quadrigacx,3.398997439
1/2/20,quadrigacx,0.763345272
12/2/20,quadrigacx,14.35094938
21/2/20,quadrigacx,34.23245188
29/2/20,quadrigacx,1.973437946
15/3/20,quadrigacx,1.124030439
18/3/20,quadrigacx,0.743859318
25/3/20,quadrigacx,1.020992166
13/5/20,quadrigacx,90.12204998
21/5/20,quadrigacx,10.16966216
25/5/20,quadrigacx,1.999850677
5/6/20,quadrigacx,4.368061207
12/6/20,quadrigacx,68.96079145
13/6/20,quadrigacx,1.354016493
30/1/20,remitano,2.04637293
19/6/20,remitano,1.596429724
10/3/20,shapeshift,2.043219758
6/4/20,shapeshift,1.136788068
8/4/20,shapeshift,1.104990103
28/4/20,shapeshift,1.414124777
13/5/20,shapeshift,2.369961129
15/5/20,shapeshift,2.388388528
17/5/20,shapeshift,3.701004584
27/5/20,shapeshift,1.239808391
31/5/20,shapeshift,1.463325428
5/6/20,shapeshift,1.116451227
7/1/20,storj,1.168821334
8/1/20,storj,1.023028172
15/1/20,storj,1.222268928
31/1/20,storj,23.02400108
13/2/20,storj,0.88830247
4/3/20,storj,4.698919128
8/3/20,storj,3.271777991
21/3/20,storj,1.568781842
27/3/20,storj,1.042262586
4/4/20,storj,0.956003594
23/4/20,storj,9.3462917
25/4/20,storj,1.239728697
13/5/20,storj,1.117853959
15/5/20,storj,1.541654497
16/5/20,storj,1.2083084
18/5/20,storj,1.348109223
23/5/20,storj,0.888720071
18/6/20,storj,1.153385361
17/1/20,switcheo,1.272312448
18/1/20,switcheo,1.058210745
9/2/20,switcheo,1.260274974
3/6/20,switcheo,2.479862146
11/6/20,switcheo,1.093742823
7/1/20,synthetix,0.825014513
11/1/20,synthetix,1.621639554
18/1/20,synthetix,1.568037953
4/2/20,synthetix,1.074572613
13/2/20,synthetix,1.3000758
15/2/20,synthetix,0.928680451
18/2/20,synthetix,1.526488942
21/2/20,synthetix,1.19047306
22/2/20,synthetix,1.572097244
25/2/20,synthetix,1.436113009
27/2/20,synthetix,1.229879087
3/3/20,synthetix,0.901518735
7/5/20,synthetix,0.846664296
21/6/20,synthetix,1.467094578
24/6/20,synthetix,1.369179084
26/6/20,synthetix,1.162011497
30/6/20,synthetix,1.174376198
4/1/20,tether,1.235801074
5/1/20,tether,1.043056666
6/1/20,tether,1.35821851
7/1/20,tether,4.669756868
8/1/20,tether,11.57253038
9/1/20,tether,18.11387584
12/1/20,tether,1.623132379
13/1/20,tether,1.391071653
14/1/20,tether,1.501613832
15/1/20,tether,2.526814998
16/1/20,tether,1.347593112
17/1/20,tether,1.487032555
19/1/20,tether,9.244068514
20/1/20,tether,85.81712534
24/1/20,tether,1.755832767
25/1/20,tether,0.982455255
28/1/20,tether,27.12141399
29/1/20,tether,5.658528803
30/1/20,tether,5.359479183
1/2/20,tether,0.957329883
2/2/20,tether,4.917696578
5/2/20,tether,11.56144333
7/2/20,tether,1.458506266
8/2/20,tether,2.036960025
9/2/20,tether,98.16683884
10/2/20,tether,27.46579481
11/2/20,tether,1.002576188
12/2/20,tether,1.260104689
13/2/20,tether,2.892575357
15/2/20,tether,1.128183578
17/2/20,tether,79.61507696
19/2/20,tether,1.043167081
20/2/20,tether,3.448390332
22/2/20,tether,96.79545089
25/2/20,tether,1.604269039
29/2/20,tether,1.787417186
1/3/20,tether,1.270158268
2/3/20,tether,1.084812352
3/3/20,tether,1.398341486
9/3/20,tether,0.784710795
11/3/20,tether,23.56747937
13/3/20,tether,50.27782978
16/3/20,tether,16.52456427
17/3/20,tether,0.938618374
18/3/20,tether,7.286444464
19/3/20,tether,4.588224759
20/3/20,tether,1.333451458
22/3/20,tether,18.25395877
23/3/20,tether,2.895722703
24/3/20,tether,12.18736232
25/3/20,tether,4.544771725
26/3/20,tether,7.845017953
27/3/20,tether,9.311966753
28/3/20,tether,0.979469417
30/3/20,tether,4.122867743
31/3/20,tether,1.547821436
2/4/20,tether,3.279428709
3/4/20,tether,2.44818477
4/4/20,tether,17.66435986
5/4/20,tether,9.690674994
6/4/20,tether,2.541353041
7/4/20,tether,18.97207498
8/4/20,tether,3.335083337
10/4/20,tether,1.581322316
14/4/20,tether,1.447593931
15/4/20,tether,7.145480295
16/4/20,tether,2.701652021
17/4/20,tether,9.476181417
18/4/20,tether,2.446184252
19/4/20,tether,4.142601891
20/4/20,tether,3.384327273
21/4/20,tether,4.9284168
22/4/20,tether,2.676673665
23/4/20,tether,5.008685473
24/4/20,tether,1.257892842
25/4/20,tether,0.937324391
26/4/20,tether,21.16166794
28/4/20,tether,7.792679109
29/4/20,tether,17.47523161
30/4/20,tether,6.836887295
1/5/20,tether,2.499395544
2/5/20,tether,1.139822669
3/5/20,tether,7.105863827
4/5/20,tether,2.475652444
5/5/20,tether,1.103373758
6/5/20,tether,1.128338634
7/5/20,tether,13.32486557
8/5/20,tether,14.13025817
9/5/20,tether,10.78760264
10/5/20,tether,12.77454783
11/5/20,tether,1.097391899
12/5/20,tether,14.18553144
13/5/20,tether,19.93013264
14/5/20,tether,2.966553739
15/5/20,tether,1.908251557
16/5/20,tether,1.856440081
17/5/20,tether,16.39952688
18/5/20,tether,2.315895782
20/5/20,tether,2.218449067
21/5/20,tether,1.571692527
22/5/20,tether,1.24062518
23/5/20,tether,2.137136359
24/5/20,tether,19.13058138
25/5/20,tether,1.685162061
26/5/20,tether,2.306951495
27/5/20,tether,2.959822776
28/5/20,tether,2.086406415
29/5/20,tether,1.105711006
30/5/20,tether,1.443397873
31/5/20,tether,0.747725559
1/6/20,tether,2.752167759
2/6/20,tether,50.51622093
3/6/20,tether,0.844158281
4/6/20,tether,3.450324157
5/6/20,tether,1.792182169
6/6/20,tether,1.471993559
7/6/20,tether,3.096510655
8/6/20,tether,7.7935458
9/6/20,tether,1.395251901
10/6/20,tether,5.940600525
11/6/20,tether,12.72236201
14/6/20,tether,1.098239945
15/6/20,tether,2.073566058
16/6/20,tether,56.08196879
17/6/20,tether,1.359802817
18/6/20,tether,1.680112221
19/6/20,tether,0.720444337
22/6/20,tether,2.616650736
23/6/20,tether,1.550634814
24/6/20,tether,1.13486606
25/6/20,tether,15.22094623
27/6/20,tether,1.349857141
28/6/20,tether,1.674340962
29/6/20,tether,2.476591253
30/6/20,tether,2.768254094
22/1/20,tokensets,1.328223711
26/2/20,tokensets,0.984073155
16/3/20,tokensets,0.718106395
29/3/20,tokensets,9.233432831
30/3/20,tokensets,98.56006849
10/4/20,tokensets,1.072258504
18/5/20,tokensets,1.025000954
13/4/20,trusttoken,0.939176059
9/1/20,uniswap,3.33772458
12/1/20,uniswap,0.869256604
18/1/20,uniswap,0.878018157
19/1/20,uniswap,1.002863979
25/1/20,uniswap,1.8810164
30/1/20,uniswap,1.033739768
1/2/20,uniswap,1.65300643
4/2/20,uniswap,1.286697547
5/2/20,uniswap,0.949220499
6/2/20,uniswap,1.007175212
7/2/20,uniswap,1.064464895
11/2/20,uniswap,0.98269812
12/2/20,uniswap,1.617425623
15/2/20,uniswap,1.260706818
16/2/20,uniswap,7.350421961
23/2/20,uniswap,0.877804667
24/2/20,uniswap,1.016869175
25/2/20,uniswap,1.436113346
27/2/20,uniswap,1.229879376
29/2/20,uniswap,1.276657773
3/3/20,uniswap,1.301928299
4/3/20,uniswap,1.337403993
7/3/20,uniswap,1.440450316
14/3/20,uniswap,0.832502841
17/3/20,uniswap,0.927064151
13/4/20,uniswap,1.222324484
15/4/20,uniswap,1.103852388
17/4/20,uniswap,1.077444132
18/4/20,uniswap,1.391943777
19/4/20,uniswap,66.57214474
20/4/20,uniswap,64.86952449
22/4/20,uniswap,50.19750828
24/4/20,uniswap,1.642593958
27/4/20,uniswap,0.97065283
5/5/20,uniswap,3.655705995
10/5/20,uniswap,1.279157836
11/5/20,uniswap,2.123885412
12/5/20,uniswap,0.970023945
14/5/20,uniswap,1.565317186
20/5/20,uniswap,1.535888209
23/5/20,uniswap,1.136303097
25/5/20,uniswap,1.122026857
26/5/20,uniswap,3.959102252
29/5/20,uniswap,1.246330901
30/5/20,uniswap,1.016793711
31/5/20,uniswap,1.156691523
1/6/20,uniswap,1.187331892
2/6/20,uniswap,1.821726603
4/6/20,uniswap,2.129494558
5/6/20,uniswap,1.010347405
12/6/20,uniswap,1.023422718
13/6/20,uniswap,1.301249678
16/6/20,uniswap,1.702551238
17/6/20,uniswap,0.896198038
19/6/20,uniswap,2.895177978
20/6/20,uniswap,1.197892729
21/6/20,uniswap,1.474382602
25/6/20,uniswap,1.417883658
26/6/20,uniswap,0.963078209
28/6/20,uniswap,0.999330019
5/1/20,upbit,55.58370062
11/1/20,upbit,49.64263203
12/1/20,upbit,84.29175071
14/1/20,upbit,2.016440056
16/1/20,upbit,92.95450444
17/1/20,upbit,50.13629505
1/2/20,upbit,98.86670925
6/5/20,upbit,0.873681932
7/5/20,upbit,57.59733788
9/5/20,upbit,95.65665074
14/5/20,upbit,10.33219866
15/5/20,upbit,10.80886365
16/5/20,upbit,2.133304634
19/5/20,upbit,3.794640112
7/6/20,upbit,1.659081657
30/6/20,white hat group,3.644113072